lr,la,rho*,T*,T_ad,P_ad,TotEn_ad,Cv_nvt,ThermalPressureCoeff_nvt,Cp_npt,ThermalExpansionCoeff_npt,IsothermalCompressibility_npt,Cv_npt,JouleThomson_npt,Brown_type,is_fluid,is_solid
8.0,6.0,0.848457643,1.07155276,1.07155276,0.909590009,-5.770518537,,,,,,,,Zeno,True,False
8.0,6.0,0.823530858,1.188019308,1.188019308,0.975683697,-5.327875525,,,,,,,,Zeno,True,False
8.0,6.0,0.79559441,1.321097541,1.321097541,1.051571592,-4.8313365755,,,,,,,,Zeno,True,False
8.0,6.0,0.764205588,1.4731569,1.4731569,1.124226421,-4.27772631,,,,,,,,Zeno,True,False
8.0,6.0,0.728857962,1.646904537,1.646904537,1.200571061,-3.6575876865,,,,,,,,Zeno,True,False
8.0,6.0,0.688945201,1.84543403,1.84543403,1.273583552,-2.96366988,,,,,,,,Zeno,True,False
8.0,6.0,0.643240491,2.072279977,2.072279977,1.332059328,-2.1838061444999997,,,,,,,,Zeno,True,False
8.0,6.0,0.590950075,2.331480942,2.331480942,1.374871669,-1.3067814420000006,,,,,,,,Zeno,True,False
8.0,6.0,0.531603713,2.627652105,2.627652105,1.394301814,-0.3246951445000001,,,,,,,,Zeno,True,False
8.0,6.0,0.463497761,2.966066362,2.966066362,1.371540346,0.7789202529999999,,,,,,,,Zeno,True,False
8.0,6.0,0.395341145,3.304480638,3.304480638,1.303691243,1.865734262,,,,,,,,Zeno,True,False
8.0,6.0,0.327394049,3.642894878,3.642894878,1.192007315,2.9335309599999997,,,,,,,,Zeno,True,False
8.0,6.0,0.267691313,3.939066088,3.939066088,1.053701662,3.857345959,,,,,,,,Zeno,True,False
8.0,6.0,0.215861422,4.198267118,4.198267118,0.906651315,4.657201709000001,,,,,,,,Zeno,True,False
8.0,6.0,0.169659458,4.425112986,4.425112986,0.750588576,5.355618859000001,,,,,,,,Zeno,True,False
8.0,6.0,0.129974095,4.623642475,4.623642475,0.600716208,5.957401632499999,,,,,,,,Zeno,True,False
8.0,6.0,0.09482897,4.79739013,4.79739013,0.454903918,6.4863313830000005,,,,,,,,Zeno,True,False
8.0,6.0,0.064008571,4.949449509,4.949449509,0.316743513,6.9467229475,,,,,,,,Zeno,True,False
8.0,6.0,0.038652925,5.082527723,5.082527723,0.196477592,7.3363192095,,,,,,,,Zeno,True,False
8.0,6.0,0.012762483,5.198994282,5.198994282,0.06634825,7.703803891,,,,,,,,Zeno,True,False
10.0,6.0,0.842260044,0.888134816,0.888134816,0.747993542,-5.1440554800000005,,,,,,,,Zeno,True,False
10.0,6.0,0.8186672,0.975870662,0.975870662,0.801724546,-4.7790917969999995,,,,,,,,Zeno,True,False
10.0,6.0,0.792280746,1.076120378,1.076120378,0.852949533,-4.373861552,,,,,,,,Zeno,True,False
10.0,6.0,0.762455823,1.190668772,1.190668772,0.909104157,-3.919964545,,,,,,,,Zeno,True,False
10.0,6.0,0.728362054,1.321555373,1.321555373,0.960745603,-3.4097991435,,,,,,,,Zeno,True,False
10.0,6.0,0.689768801,1.471110329,1.471110329,1.015353831,-2.8392487854999997,,,,,,,,Zeno,True,False
10.0,6.0,0.645621028,1.641996404,1.641996404,1.05972606,-2.1999211360000004,,,,,,,,Zeno,True,False
10.0,6.0,0.594740735,1.837256093,1.837256093,1.09137414,-1.4798650945,,,,,,,,Zeno,True,False
10.0,6.0,0.535794155,2.060365961,2.060365961,1.100668063,-0.6697178205000003,,,,,,,,Zeno,True,False
10.0,6.0,0.468396474,2.315298119,2.315298119,1.082043699,0.2360455475000002,,,,,,,,Zeno,True,False
10.0,6.0,0.400234051,2.570230211,2.570230211,1.026607449,1.1284353035000003,,,,,,,,Zeno,True,False
10.0,6.0,0.332267133,2.825162339,2.825162339,0.938936822,2.0035828684999997,,,,,,,,Zeno,True,False
10.0,6.0,0.271384819,3.048272174,3.048272174,0.826133492,2.7666062239999993,,,,,,,,Zeno,True,False
10.0,6.0,0.219161794,3.243531913,3.243531913,0.710716862,3.4201779575,,,,,,,,Zeno,True,False
10.0,6.0,0.17302192,3.414418037,3.414418037,0.590646085,3.9885148505,,,,,,,,Zeno,True,False
10.0,6.0,0.13071702,3.563973063,3.563973063,0.465685486,4.4943045155,,,,,,,,Zeno,True,False
10.0,6.0,0.096866945,3.694859554,3.694859554,0.357968893,4.914570564,,,,,,,,Zeno,True,False
10.0,6.0,0.067091148,3.809407969,3.809407969,0.255521471,5.2815746325,,,,,,,,Zeno,True,False
10.0,6.0,0.041170733,3.909657639,3.909657639,0.160991471,5.5998772685,,,,,,,,Zeno,True,False
10.0,6.0,0.014838197,3.997393532,3.997393532,0.05931438,5.900826797,,,,,,,,Zeno,True,False
11.0,6.0,0.845236662,0.831423806,0.831423806,0.702480152,-4.9791000489999995,,,,,,,,Zeno,True,False
11.0,6.0,0.831386234,0.87871967,0.87871967,0.729274318,-4.77506333,,,,,,,,Zeno,True,False
11.0,6.0,0.815715746,0.93276129,0.93276129,0.763352891,-4.544523757,,,,,,,,Zeno,True,False
11.0,6.0,0.797911182,0.994510905,0.994510905,0.792519587,-4.285825450500001,,,,,,,,Zeno,True,False
11.0,6.0,0.777827544,1.065067911,1.065067911,0.832470981,-3.9939710865,,,,,,,,Zeno,True,False
11.0,6.0,0.754841249,1.145688633,1.145688633,0.868690027,-3.6649820355,,,,,,,,Zeno,True,False
11.0,6.0,0.728549347,1.237808327,1.237808327,0.902563251,-3.2942691485,,,,,,,,Zeno,True,False
11.0,6.0,0.698476819,1.343067061,1.343067061,0.938380059,-2.8760312595000004,,,,,,,,Zeno,True,False
11.0,6.0,0.664388263,1.463338931,1.463338931,0.973206416,-2.4077518395,,,,,,,,Zeno,True,False
11.0,6.0,0.624986809,1.6007653,1.6007653,1.000708288,-1.878319636,,,,,,,,Zeno,True,False
11.0,6.0,0.579789468,1.757792933,1.757792933,1.019600845,-1.2832979975,,,,,,,,Zeno,True,False
11.0,6.0,0.527194406,1.937217553,1.937217553,1.019385762,-0.6111527385,,,,,,,,Zeno,True,False
11.0,6.0,0.466672688,2.142233619,2.142233619,0.99695168,0.1446113755000002,,,,,,,,Zeno,True,False
11.0,6.0,0.405848434,2.347249708,2.347249708,0.950124047,0.8870649020000005,,,,,,,,Zeno,True,False
11.0,6.0,0.344363099,2.552265778,2.552265778,0.876497092,1.6209240140000003,,,,,,,,Zeno,True,False
11.0,6.0,0.290439937,2.731690352,2.731690352,0.79265884,2.255185922,,,,,,,,Zeno,True,False
11.0,6.0,0.242919285,2.888717958,2.888717958,0.701021427,2.8043705379999997,,,,,,,,Zeno,True,False
11.0,6.0,0.202117194,3.02614431,3.02614431,0.611741065,3.2766121779999997,,,,,,,,Zeno,True,False
11.0,6.0,0.164626745,3.146416226,3.146416226,0.518023832,3.696868424,,,,,,,,Zeno,True,False
11.0,6.0,0.132868925,3.251674929,3.251674929,0.43192242,4.0560396995,,,,,,,,Zeno,True,False
11.0,6.0,0.104957296,3.343794602,3.343794602,0.350833691,4.369325717000001,,,,,,,,Zeno,True,False
11.0,6.0,0.081110196,3.424415317,3.424415317,0.277801851,4.6395855335,,,,,,,,Zeno,True,False
11.0,6.0,0.059560876,3.494972334,3.494972334,0.208146524,4.878032868,,,,,,,,Zeno,True,False
11.0,6.0,0.040344479,3.556721992,3.556721992,0.143436393,5.088720683,,,,,,,,Zeno,True,False
11.0,6.0,0.020618598,3.61076364,3.61076364,0.074444469,5.2904388540000005,,,,,,,,Zeno,True,False
12.0,6.0,0.826937864,0.8601164,0.8601164,0.708514578,-4.539061676999999,,,,,,,,Zeno,True,False
12.0,6.0,0.801094708,0.943285464,0.943285464,0.754883427,-4.177605672,,,,,,,,Zeno,True,False
12.0,6.0,0.771705876,1.038317034,1.038317034,0.803822432,-3.771520291,,,,,,,,Zeno,True,False
12.0,6.0,0.738244839,1.146902971,1.146902971,0.849441825,-3.3180197245,,,,,,,,Zeno,True,False
12.0,6.0,0.700099866,1.27097665,1.27097665,0.893970084,-2.809760888,,,,,,,,Zeno,True,False
12.0,6.0,0.65600681,1.412747165,1.412747165,0.925161437,-2.2391132075,,,,,,,,Zeno,True,False
12.0,6.0,0.60531061,1.574738381,1.574738381,0.95295701,-1.5975436584999998,,,,,,,,Zeno,True,False
12.0,6.0,0.546581459,1.759834555,1.759834555,0.960839241,-0.8788716325000001,,,,,,,,Zeno,True,False
12.0,6.0,0.47832191,1.971331138,1.971331138,0.940732994,-0.0691510119999998,,,,,,,,Zeno,True,False
12.0,6.0,0.409103892,2.182827816,2.182827816,0.891795532,0.7266180480000002,,,,,,,,Zeno,True,False
12.0,6.0,0.339629555,2.394324413,2.394324413,0.812138282,1.5066458715000004,,,,,,,,Zeno,True,False
12.0,6.0,0.277741085,2.579420594,2.579420594,0.715652834,2.184635796,,,,,,,,Zeno,True,False
12.0,6.0,0.223962839,2.741411879,2.741411879,0.613639911,2.7666540965,,,,,,,,Zeno,True,False
12.0,6.0,0.177233957,2.88318227,2.88318227,0.510772645,3.267577371,,,,,,,,Zeno,True,False
12.0,6.0,0.135844604,3.007255969,3.007255969,0.408364439,3.7062552645000006,,,,,,,,Zeno,True,False
12.0,6.0,0.099477599,3.115841963,3.115841963,0.309835053,4.0876431655,,,,,,,,Zeno,True,False
12.0,6.0,0.067680982,3.210873518,3.210873518,0.217332482,4.419809020000001,,,,,,,,Zeno,True,False
12.0,6.0,0.041813266,3.294042579,3.294042579,0.137738857,4.6974228575,,,,,,,,Zeno,True,False
12.0,6.0,0.014862981,3.366829957,3.366829957,0.050034233,4.9636947065,,,,,,,,Zeno,True,False
13.0,6.0,0.841681728,0.792363936,0.792363936,0.666336513,-4.590691209,,,,,,,,Zeno,True,False
13.0,6.0,0.826230651,0.838548262,0.838548262,0.693417444,-4.380741989000001,,,,,,,,Zeno,True,False
13.0,6.0,0.808655919,0.891319879,0.891319879,0.720906408,-4.1443740165000005,,,,,,,,Zeno,True,False
13.0,6.0,0.788717532,0.951618277,0.951618277,0.749348331,-3.8784355795,,,,,,,,Zeno,True,False
13.0,6.0,0.765887379,1.020517262,1.020517262,0.782524007,-3.577514821,,,,,,,,Zeno,True,False
13.0,6.0,0.739933944,1.099243244,1.099243244,0.815631309,-3.2401368090000005,,,,,,,,Zeno,True,False
13.0,6.0,0.710112357,1.189197998,1.189197998,0.842900678,-2.860237567,,,,,,,,Zeno,True,False
13.0,6.0,0.675944083,1.291983075,1.291983075,0.873580064,-2.4312518224999997,,,,,,,,Zeno,True,False
13.0,6.0,0.636446958,1.409428456,1.409428456,0.895970472,-1.9488532120000004,,,,,,,,Zeno,True,False
13.0,6.0,0.590892699,1.543625181,1.543625181,0.910431007,-1.4050216055,,,,,,,,Zeno,True,False
13.0,6.0,0.538298653,1.696962528,1.696962528,0.912049839,-0.7939225809999999,,,,,,,,Zeno,True,False
13.0,6.0,0.477085007,1.872170456,1.872170456,0.892137221,-0.1048072239999999,,,,,,,,Zeno,True,False
13.0,6.0,0.414988662,2.04737835,2.04737835,0.847285631,0.5733582039999998,,,,,,,,Zeno,True,False
13.0,6.0,0.353141065,2.222586341,2.222586341,0.784584954,1.2374926595,,,,,,,,Zeno,True,False
13.0,6.0,0.2978164,2.375923646,2.375923646,0.706551207,1.8148399339999997,,,,,,,,Zeno,True,False
13.0,6.0,0.248888713,2.510120373,2.510120373,0.624567258,2.3167619485,,,,,,,,Zeno,True,False
13.0,6.0,0.206230909,2.62756578,2.62756578,0.541809794,2.750678796,,,,,,,,Zeno,True,False
13.0,6.0,0.170392668,2.730350868,2.730350868,0.465000593,3.1175955479999997,,,,,,,,Zeno,True,False
13.0,6.0,0.134972628,2.820305629,2.820305629,0.380350346,3.4600505255,,,,,,,,Zeno,True,False
13.0,6.0,0.107038653,2.899031634,2.899031634,0.310278387,3.739497078,,,,,,,,Zeno,True,False
13.0,6.0,0.082868474,2.967930531,2.967930531,0.245733917,3.9825893365,,,,,,,,Zeno,True,False
13.0,6.0,0.063687135,3.028228989,3.028228989,0.192875686,4.1827113635,,,,,,,,Zeno,True,False
13.0,6.0,0.043713597,3.081000625,3.081000625,0.134703364,4.3760988535,,,,,,,,Zeno,True,False
13.0,6.0,0.024356036,3.127184933,3.127184933,0.076165297,4.5540081255,,,,,,,,Zeno,True,False
14.0,6.0,0.838516525,0.786378421,0.786378421,0.657495005,-4.4127611585,,,,,,,,Zeno,True,False
14.0,6.0,0.812789221,0.859078196,0.859078196,0.698137312,-4.0763753320000005,,,,,,,,Zeno,True,False
14.0,6.0,0.78352092,0.94214721,0.94214721,0.736272779,-3.700203505,,,,,,,,Zeno,True,False
14.0,6.0,0.750275557,1.03706439,1.03706439,0.778709998,-3.2799464059999996,,,,,,,,Zeno,True,False
14.0,6.0,0.711940043,1.145519676,1.145519676,0.815081729,-2.807354306000001,,,,,,,,Zeno,True,False
14.0,6.0,0.667950873,1.269444069,1.269444069,0.848221856,-2.2780954045,,,,,,,,Zeno,True,False
14.0,6.0,0.617173344,1.411043861,1.411043861,0.870646819,-1.6852292524999997,,,,,,,,Zeno,True,False
14.0,6.0,0.557554766,1.572840117,1.572840117,0.873869948,-1.0159834155,,,,,,,,Zeno,True,False
14.0,6.0,0.488703446,1.757713579,1.757713579,0.855490028,-0.2671027604999998,,,,,,,,Zeno,True,False
14.0,6.0,0.418741629,1.94258706,1.94258706,0.811034658,0.4683682319999995,,,,,,,,Zeno,True,False
14.0,6.0,0.347693359,2.127460438,2.127460438,0.737945854,1.192129938,,,,,,,,Zeno,True,False
14.0,6.0,0.285636332,2.289256757,2.289256757,0.653073173,1.8125265044999996,,,,,,,,Zeno,True,False
14.0,6.0,0.23018238,2.430856547,2.430856547,0.559181456,2.3524159145,,,,,,,,Zeno,True,False
14.0,6.0,0.181338702,2.554780898,2.554780898,0.463083729,2.821712781,,,,,,,,Zeno,True,False
14.0,6.0,0.139850919,2.663236232,2.663236232,0.372185586,3.220964189,,,,,,,,Zeno,True,False
14.0,6.0,0.101941847,2.758153432,2.758153432,0.281223231,3.5769296739999996,,,,,,,,Zeno,True,False
14.0,6.0,0.070932624,2.841222427,2.841222427,0.201568174,3.8737792485,,,,,,,,Zeno,True,False
14.0,6.0,0.041692884,2.913922192,2.913922192,0.121482473,4.143979535,,,,,,,,Zeno,True,False
14.0,6.0,0.019816573,2.977547075,2.977547075,0.059004783,4.3584896815,,,,,,,,Zeno,True,False
16.0,6.0,0.850879144,0.734368649,0.734368649,0.624213211,-4.3426268225,,,,,,,,Zeno,True,False
16.0,6.0,0.825252836,0.799999997,0.799999997,0.660541593,-4.0236929975,,,,,,,,Zeno,True,False
16.0,6.0,0.795973765,0.874992414,0.874992414,0.698200916,-3.666235582,,,,,,,,Zeno,True,False
16.0,6.0,0.762363116,0.960681081,0.960681081,0.72960963,-3.2656366935000003,,,,,,,,Zeno,True,False
16.0,6.0,0.72393992,1.058591592,1.058591592,0.767483548,-2.8168413649999997,,,,,,,,Zeno,True,False
16.0,6.0,0.67955855,1.170467109,1.170467109,0.792231307,-2.3140580025000004,,,,,,,,Zeno,True,False
16.0,6.0,0.627925807,1.298299624,1.298299624,0.811116614,-1.7485307570000002,,,,,,,,Zeno,True,False
16.0,6.0,0.568648359,1.444364923,1.444364923,0.819450873,-1.1193853915000005,,,,,,,,Zeno,True,False
16.0,6.0,0.498380757,1.611263649,1.611263649,0.799665203,-0.4069839304999996,,,,,,,,Zeno,True,False
16.0,6.0,0.427558072,1.778162387,1.778162387,0.757587138,0.2883376415000001,,,,,,,,Zeno,True,False
16.0,6.0,0.355751777,1.945061068,1.945061068,0.69039948,0.9707906549999998,,,,,,,,Zeno,True,False
16.0,6.0,0.292476705,2.091126437,2.091126437,0.611832993,1.5579783574999997,,,,,,,,Zeno,True,False
16.0,6.0,0.235821541,2.218958873,2.218958873,0.522804665,2.0693074345,,,,,,,,Zeno,True,False
16.0,6.0,0.186645841,2.33083445,2.33083445,0.434938388,2.5090063689999997,,,,,,,,Zeno,True,False
16.0,6.0,0.141953339,2.428744963,2.428744963,0.344661596,2.8978091945000006,,,,,,,,Zeno,True,False
16.0,6.0,0.104405869,2.514433596,2.514433596,0.262463909,3.227374309,,,,,,,,Zeno,True,False
16.0,6.0,0.072026402,2.589426037,2.589426037,0.186577206,3.5112822825,,,,,,,,Zeno,True,False
16.0,6.0,0.041034201,2.65505742,2.65505742,0.108941574,3.770890355,,,,,,,,Zeno,True,False
16.0,6.0,0.019842806,2.712496233,2.712496233,0.053826229,3.9669681095,,,,,,,,Zeno,True,False
20.0,6.0,0.873783127,0.665698307,0.665698307,0.58661989,-4.2704729015,,,,,,,,Zeno,False,True
20.0,6.0,0.847648915,0.722347685,0.722347685,0.609718988,-3.9703599505,,,,,,,,Zeno,True,False
20.0,6.0,0.818122428,0.787076921,0.787076921,0.6430003,-3.6357984145,,,,,,,,Zeno,True,False
20.0,6.0,0.784318043,0.861038576,0.861038576,0.677274095,-3.26140126,,,,,,,,Zeno,True,False
20.0,6.0,0.745269229,0.945549439,0.945549439,0.705356276,-2.8412321045000004,,,,,,,,Zeno,True,False
20.0,6.0,0.699916041,1.042114097,1.042114097,0.724548467,-2.3692971125,,,,,,,,Zeno,True,False
20.0,6.0,0.647569343,1.152451885,1.152451885,0.742522077,-1.8427004035,,,,,,,,Zeno,True,False
20.0,6.0,0.586347097,1.278527245,1.278527245,0.745072549,-1.2514321565,,,,,,,,Zeno,True,False
20.0,6.0,0.514846009,1.422584816,1.422584816,0.726763841,-0.5893898499999999,,,,,,,,Zeno,True,False
20.0,6.0,0.442421425,1.56664243,1.56664243,0.691122411,0.056017277,,,,,,,,Zeno,True,False
20.0,6.0,0.36887669,1.710700046,1.710700046,0.62975168,0.6874038060000001,,,,,,,,Zeno,True,False
20.0,6.0,0.3027562,1.836775354,1.836775354,0.55574204,1.237104116,,,,,,,,Zeno,True,False
20.0,6.0,0.244327342,1.947113228,1.947113228,0.475199879,1.7097324420000002,,,,,,,,Zeno,True,False
20.0,6.0,0.193228214,2.043677866,2.043677866,0.394704838,2.118632303,,,,,,,,Zeno,True,False
20.0,6.0,0.145874975,2.128188719,2.128188719,0.310125945,2.4824802655,,,,,,,,Zeno,True,False
20.0,6.0,0.108967101,2.202150347,2.202150347,0.239913071,2.7773964275,,,,,,,,Zeno,True,False
20.0,6.0,0.075851396,2.26687962,2.26687962,0.171922662,3.036639514,,,,,,,,Zeno,True,False
20.0,6.0,0.045308317,2.323528904,2.323528904,0.105300241,3.2690083,,,,,,,,Zeno,True,False
20.0,6.0,0.019246765,2.373106881,2.373106881,0.045681636,3.4684114735,,,,,,,,Zeno,True,False
36.0,6.0,0.834668231,0.69875452,0.69875452,0.551562877,-3.2429260529999997,,,,,,,,Zeno,True,False
36.0,6.0,0.797208958,0.762320444,0.762320444,0.607115682,-2.8860650690000003,,,,,,,,Zeno,True,False
36.0,6.0,0.750020849,0.834952833,0.834952833,0.627012919,-2.4650737985,,,,,,,,Zeno,True,False
36.0,6.0,0.6948061,0.91794482,0.91794482,0.635599745,-1.993070876,,,,,,,,Zeno,True,False
36.0,6.0,0.630106778,1.012774043,1.012774043,0.63464379,-1.4658511234999998,,,,,,,,Zeno,True,False
36.0,6.0,0.554696469,1.12112884,1.12112884,0.618160649,-0.8796762790000003,,,,,,,,Zeno,True,False
36.0,6.0,0.477331967,1.229483579,1.229483579,0.584109056,-0.3084420885000001,,,,,,,,Zeno,True,False
36.0,6.0,0.397815101,1.337838385,1.337838385,0.529686432,0.2512615635000002,,,,,,,,Zeno,True,False
36.0,6.0,0.328171336,1.43266757,1.43266757,0.468974746,0.7266322580000002,,,,,,,,Zeno,True,False
36.0,6.0,0.265839821,1.515659588,1.515659588,0.402257138,1.1390302339999998,,,,,,,,Zeno,True,False
36.0,6.0,0.210338159,1.588291914,1.588291914,0.333683883,1.495059098,,,,,,,,Zeno,True,False
36.0,6.0,0.161910742,1.651857869,1.651857869,0.267374897,1.8020148295,,,,,,,,Zeno,True,False
36.0,6.0,0.119684011,1.707489044,1.707489044,0.204356491,2.066615039,,,,,,,,Zeno,True,False
36.0,6.0,0.081513209,1.756175996,1.756175996,0.143150227,2.2997887770000003,,,,,,,,Zeno,True,False
36.0,6.0,0.048309656,1.798785525,1.798785525,0.086889677,2.5012826855,,,,,,,,Zeno,True,False
48.0,6.0,1.006284493,0.482558495,0.482558495,0.489520265,-5.2725705325000005,,,,,,,,Zeno,False,True
48.0,6.0,0.856816541,0.649271777,0.649271777,0.528395425,-3.2404629525,,,,,,,,Zeno,True,False
48.0,6.0,0.817982355,0.706797539,0.706797539,0.577063884,-2.8926767635,,,,,,,,Zeno,True,False
48.0,6.0,0.770129398,0.772528192,0.772528192,0.596877236,-2.486715519,,,,,,,,Zeno,True,False
48.0,6.0,0.713615995,0.847634069,0.847634069,0.603093021,-2.0301894945,,,,,,,,Zeno,True,False
48.0,6.0,0.648169785,0.933452382,0.933452382,0.604887364,-1.5256477379999998,,,,,,,,Zeno,True,False
48.0,6.0,0.570687016,1.031510966,1.031510966,0.586297167,-0.960589342,,,,,,,,Zeno,True,False
48.0,6.0,0.491748569,1.129569637,1.129569637,0.553947587,-0.4133366395,,,,,,,,Zeno,True,False
48.0,6.0,0.409882964,1.227628252,1.227628252,0.501531828,0.125882362,,,,,,,,Zeno,True,False
48.0,6.0,0.337509883,1.313446548,1.313446548,0.442440318,0.5843231649999998,,,,,,,,Zeno,True,False
48.0,6.0,0.273067605,1.38855244,1.38855244,0.378797378,0.979664473,,,,,,,,Zeno,True,False
48.0,6.0,0.21718871,1.454283114,1.454283114,0.315762762,1.3157463540000005,,,,,,,,Zeno,True,False
48.0,6.0,0.165665442,1.511808821,1.511808821,0.250259054,1.6145866405000002,,,,,,,,Zeno,True,False
48.0,6.0,0.122441015,1.562153786,1.562153786,0.191155741,1.8651735200000004,,,,,,,,Zeno,True,False
48.0,6.0,0.08416073,1.60621439,1.60621439,0.135134082,2.083671164,,,,,,,,Zeno,True,False
48.0,6.0,0.04930548,1.644775027,1.644775027,0.081066544,2.2771945765,,,,,,,,Zeno,True,False
8.0,6.0,1.04854762,1.071552798,1.071552798,5.509269722,-7.026246486,,,,,,,,Amagat,False,True
8.0,6.0,1.007413617,1.663993622,1.663993622,9.674038729,-4.663168961999999,,,,,,,,Amagat,True,False
8.0,6.0,0.960986726,2.387602508,2.387602508,10.916882779,-2.7651321060000003,,,,,,,,Amagat,True,False
8.0,6.0,0.911045262,3.27142048,3.27142048,11.942848531,-0.6472001199999999,,,,,,,,Amagat,True,False
8.0,6.0,0.855839722,4.350918165,4.350918165,12.711464529,1.752468620500001,,,,,,,,Amagat,True,False
8.0,6.0,0.794824318,5.669419548,5.669419548,13.205666473,4.495306019999999,,,,,,,,Amagat,True,False
8.0,6.0,0.726674571,7.279840786,7.279840786,13.380446339,7.660849745,,,,,,,,Amagat,True,False
8.0,6.0,0.64947768,9.246813802,9.246813802,13.135649164,11.335558737,,,,,,,,Amagat,True,False
8.0,6.0,0.565090304,11.649280186,11.649280186,12.523849888,15.620732055,,,,,,,,Amagat,True,False
8.0,6.0,0.468780357,14.583658603,14.583658603,11.310333935,20.643990858499997,,,,,,,,Amagat,True,False
8.0,6.0,0.37798535,17.51803806,17.51803806,9.7418883,25.498255401,,,,,,,,Amagat,True,False
8.0,6.0,0.291461604,20.452416348,20.452416348,7.927103902,30.224459717,,,,,,,,Amagat,True,False
8.0,6.0,0.224557121,22.854883246,22.854883246,6.349830803,34.01899583,,,,,,,,Amagat,True,False
8.0,6.0,0.170808712,24.821856179,24.821856179,4.965953341,37.082058953499995,,,,,,,,Amagat,True,False
8.0,6.0,0.12891301,26.432277457,26.432277457,3.83095614,39.5641480895,,,,,,,,Amagat,True,False
8.0,6.0,0.097066311,27.750778126,27.750778126,2.938329314,41.580901056,,,,,,,,Amagat,True,False
8.0,6.0,0.068176831,28.830276356,28.830276356,2.088044421,43.223713493,,,,,,,,Amagat,True,False
8.0,6.0,0.045299679,29.714094495,29.714094495,1.400674131,44.5617513835,,,,,,,,Amagat,True,False
8.0,6.0,0.023871055,30.437703417,30.437703417,0.741836712,45.6532402675,,,,,,,,Amagat,True,False
8.0,6.0,0.011587442,31.03014402,31.03014402,0.363181672,46.54454042100001,,,,,,,,Amagat,True,False
10.0,6.0,1.066222558,0.888134941,0.888134941,6.616966044,-6.4258046225,,,,,,,,Amagat,False,True
10.0,6.0,1.002505462,1.397892368,1.397892368,9.840807455,-4.251916608,,,,,,,,Amagat,True,False
10.0,6.0,0.956313604,2.020511838,2.020511838,11.041938835,-2.568760241,,,,,,,,Amagat,True,False
10.0,6.0,0.905872268,2.780980803,2.780980803,11.920502386,-0.7084796375000009,,,,,,,,Amagat,True,False
10.0,6.0,0.849814854,3.70981966,3.70981966,12.491299234,1.3886473039999991,,,,,,,,Amagat,True,False
10.0,6.0,0.788664949,4.844306013,4.844306013,12.794572168,3.7732754374999993,,,,,,,,Amagat,True,False
10.0,6.0,0.72077734,6.229970711,6.229970711,12.791426388,6.5184609065,,,,,,,,Amagat,True,False
10.0,6.0,0.644348897,7.922425702,7.922425702,12.385769328,9.693422368,,,,,,,,Amagat,True,False
10.0,6.0,0.55949537,9.989594265,9.989594265,11.582499269,13.388422219499995,,,,,,,,Amagat,True,False
10.0,6.0,0.462762235,12.514440271,12.514440271,10.244757552,17.7167985695,,,,,,,,Amagat,True,False
10.0,6.0,0.374061919,15.039286346,15.039286346,8.737965769,21.894426733000003,,,,,,,,Amagat,True,False
10.0,6.0,0.289299254,17.564132272,17.564132272,7.047908215,25.960963528,,,,,,,,Amagat,True,False
10.0,6.0,0.222258037,19.631301007,19.631301007,5.566835447,29.2225412575,,,,,,,,Amagat,True,False
10.0,6.0,0.170639159,21.323756168,21.323756168,4.369092765,31.857219192999995,,,,,,,,Amagat,True,False
10.0,6.0,0.127927597,22.709420237,22.709420237,3.324616234,33.9935401195,,,,,,,,Amagat,True,False
10.0,6.0,0.094385806,23.843907416,23.843907416,2.482199581,35.727644948,,,,,,,,Amagat,True,False
10.0,6.0,0.066761965,24.772746225,24.772746225,1.771188721,37.1398262885,,,,,,,,Amagat,True,False
10.0,6.0,0.044764794,25.533215723,25.533215723,1.196454608,38.292125488500005,,,,,,,,Amagat,True,False
10.0,6.0,0.026387704,26.15583424,26.15583424,0.708853858,39.230758656,,,,,,,,Amagat,True,False
10.0,6.0,0.011245986,26.665591006,26.665591006,0.303287752,39.997900954,,,,,,,,Amagat,True,False
11.0,6.0,1.06432321,0.831423906,0.831423906,6.486671453,-6.242297875,,,,,,,,Amagat,False,True
11.0,6.0,1.000781269,1.385511293,1.385511293,10.292024225,-3.9602081445,,,,,,,,Amagat,True,False
11.0,6.0,0.971889195,1.757619013,1.757619013,11.088253654,-2.9378386645,,,,,,,,Amagat,True,False
11.0,6.0,0.938415227,2.212112567,2.212112567,11.753570066,-1.7705649955,,,,,,,,Amagat,True,False
11.0,6.0,0.90058978,2.767232194,2.767232194,12.299361727,-0.4346065010000002,,,,,,,,Amagat,True,False
11.0,6.0,0.858278804,3.445256834,3.445256834,12.719868542,1.1000470369999995,,,,,,,,Amagat,True,False
11.0,6.0,0.81021553,4.273398085,4.273398085,12.949202733,2.8706709835,,,,,,,,Amagat,True,False
11.0,6.0,0.755999766,5.284891979,5.284891979,12.973908569,4.9229883855,,,,,,,,Amagat,True,False
11.0,6.0,0.694566666,6.520333598,6.520333598,12.744473249,7.312368006999999,,,,,,,,Amagat,True,False
11.0,6.0,0.624907001,8.029305001,8.029305001,12.204477331,10.102230836500002,,,,,,,,Amagat,True,False
11.0,6.0,0.547271932,9.872367272,9.872367272,11.355928237,13.369652183,,,,,,,,Amagat,True,False
11.0,6.0,0.457397379,12.1234883,12.1234883,10.012788777,17.210748414,,,,,,,,Amagat,True,False
11.0,6.0,0.37460712,14.374609911,14.374609911,8.562157456,20.9281506465,,,,,,,,Amagat,True,False
11.0,6.0,0.295701803,16.625730377,16.625730377,6.997961255,24.5563523885,,,,,,,,Amagat,True,False
11.0,6.0,0.232690154,18.468792902,18.468792902,5.629332662,27.468845314,,,,,,,,Amagat,True,False
11.0,6.0,0.183363796,19.977764392,19.977764392,4.510927784,29.822770156000004,,,,,,,,Amagat,True,False
11.0,6.0,0.145320974,21.213205977,21.213205977,3.627008609,31.7331048905,,,,,,,,Amagat,True,False
11.0,6.0,0.114569194,22.22470001,22.22470001,2.890281527,33.285692336000004,,,,,,,,Amagat,True,False
11.0,6.0,0.087331492,23.052841287,23.052841287,2.214962627,34.5482492265,,,,,,,,Amagat,True,False
11.0,6.0,0.066444486,23.730866191,23.730866191,1.694564855,35.5785855765,,,,,,,,Amagat,True,False
11.0,6.0,0.053886281,24.285985471,24.285985471,1.38691134,36.419067757499995,,,,,,,,Amagat,True,False
11.0,6.0,0.037736434,24.740478716,24.740478716,0.972167143,37.105836104999995,,,,,,,,Amagat,True,False
11.0,6.0,0.023302747,25.112585928,25.112585928,0.599892964,37.666580899,,,,,,,,Amagat,True,False
11.0,6.0,0.019934188,25.417242043,25.417242043,0.517588191,38.125415342500006,,,,,,,,Amagat,True,False
12.0,6.0,1.069561807,0.78732912,0.78732912,6.475885229,-6.167514456,,,,,,,,Amagat,False,True
12.0,6.0,1.01087683,1.261720691,1.261720691,10.444032397,-4.0769178915,,,,,,,,Amagat,False,True
12.0,6.0,0.96556734,1.841144065,1.841144065,11.785599353,-2.4829690725000004,,,,,,,,Amagat,True,False
12.0,6.0,0.913325368,2.54885324,2.54885324,12.602443798,-0.7245589589999994,,,,,,,,Amagat,True,False
12.0,6.0,0.856549734,3.413251003,3.413251003,13.093608337,1.241508007500001,,,,,,,,Amagat,True,False
12.0,6.0,0.794339317,4.469029321,4.469029321,13.277582773,3.4734747874999994,,,,,,,,Amagat,True,False
12.0,6.0,0.724974402,5.758559608,5.758559608,13.098875944,6.033497959,,,,,,,,Amagat,True,False
12.0,6.0,0.647888649,7.333595205,7.333595205,12.54059144,8.989738829499998,,,,,,,,Amagat,True,False
12.0,6.0,0.561545056,9.257348337,9.257348337,11.556055002,12.4283671475,,,,,,,,Amagat,True,False
12.0,6.0,0.46517814,11.607026128,11.607026128,10.120098368,16.449810464,,,,,,,,Amagat,True,False
12.0,6.0,0.37402763,13.956703109,13.956703109,8.463121759,20.3326050775,,,,,,,,Amagat,True,False
12.0,6.0,0.288757173,16.306380172,16.306380172,6.740941245,24.110922054,,,,,,,,Amagat,True,False
12.0,6.0,0.222509551,18.230133644,18.230133644,5.305526351,27.142285969999996,,,,,,,,Amagat,True,False
12.0,6.0,0.169936559,19.805169601,19.805169601,4.114467919,29.5926431075,,,,,,,,Amagat,True,False
12.0,6.0,0.128879182,21.094699953,21.094699953,3.157774026,31.577584173499996,,,,,,,,Amagat,True,False
12.0,6.0,0.094211594,22.15047741,22.15047741,2.324280708,33.190342254,,,,,,,,Amagat,True,False
12.0,6.0,0.066644452,23.014875542,23.014875542,1.654341659,34.505474117999995,,,,,,,,Amagat,True,False
12.0,6.0,0.044543435,23.72258447,23.72258447,1.110941892,35.576368727,,,,,,,,Amagat,True,False
12.0,6.0,0.02892551,24.302008513,24.302008513,0.726059724,36.4504925765,,,,,,,,Amagat,True,False
12.0,6.0,0.011176037,24.776398862,24.776398862,0.280354385,37.163965307999995,,,,,,,,Amagat,True,False
13.0,6.0,1.074451649,0.75194471,0.75194471,6.562928218,-6.0826704199999995,,,,,,,,Amagat,False,True
13.0,6.0,1.06883715,0.989261234,0.989261234,8.062547466,-5.445940518,,,,,,,,Amagat,False,True
13.0,6.0,1.012028629,1.279120334,1.279120334,7.490551927,-4.462445518,,,,,,,,Amagat,False,True
13.0,6.0,0.983785322,1.633154827,1.633154827,11.9709468,-2.8581553265,,,,,,,,Amagat,True,False
13.0,6.0,0.949818726,2.065573712,2.065573712,12.666663467,-1.733369513,,,,,,,,Amagat,True,False
13.0,6.0,0.910831763,2.593731369,2.593731369,13.171474525,-0.4509264025000004,,,,,,,,Amagat,True,False
13.0,6.0,0.867287801,3.238824373,3.238824373,13.524058479,1.0184005794999995,,,,,,,,Amagat,True,False
13.0,6.0,0.817983536,4.02674289,4.02674289,13.654591368,2.709048574,,,,,,,,Amagat,True,False
13.0,6.0,0.762854247,4.989108573,4.989108573,13.579004824,4.665685894500001,,,,,,,,Amagat,True,False
13.0,6.0,0.700441202,6.164545217,6.164545217,13.219143585,6.9386723414999985,,,,,,,,Amagat,True,False
13.0,6.0,0.629827082,7.60022607,7.60022607,12.529447229,9.587780192,,,,,,,,Amagat,True,False
13.0,6.0,0.550527292,9.35377101,9.35377101,11.509257906,12.69308794,,,,,,,,Amagat,True,False
13.0,6.0,0.460505974,11.495555524,11.495555524,10.06011075,16.339911781,,,,,,,,Amagat,True,False
13.0,6.0,0.375885691,13.637340429,13.637340429,8.478821858,19.8713399625,,,,,,,,Amagat,True,False
13.0,6.0,0.297019116,15.77912502,15.77912502,6.880939497,23.3160539,,,,,,,,Amagat,True,False
13.0,6.0,0.233449056,17.532669757,17.532669757,5.492477864,26.0849197405,,,,,,,,Amagat,True,False
13.0,6.0,0.184980251,18.968350971,18.968350971,4.408611484,28.3209915135,,,,,,,,Amagat,True,False
13.0,6.0,0.145009461,20.143787093,20.143787093,3.484221579,30.1366361365,,,,,,,,Amagat,True,False
13.0,6.0,0.113934145,21.10615323,21.10615323,2.757627094,31.611797335,,,,,,,,Amagat,True,False
13.0,6.0,0.088451793,21.894071594,21.894071594,2.15134814,32.812792094,,,,,,,,Amagat,True,False
13.0,6.0,0.067234644,22.539164716,22.539164716,1.640524153,33.792386441999994,,,,,,,,Amagat,True,False
13.0,6.0,0.053633519,23.067321947,23.067321947,1.317687696,34.5922595955,,,,,,,,Amagat,True,False
13.0,6.0,0.032682123,23.499740688,23.499740688,0.7978101,35.245019705999994,,,,,,,,Amagat,True,False
13.0,6.0,0.025558313,23.853775168,23.853775168,0.628015207,35.778341614,,,,,,,,Amagat,True,False
13.0,6.0,0.022711814,24.143635002,24.143635002,0.562992055,36.214965057,,,,,,,,Amagat,True,False
14.0,6.0,1.071589077,0.722753601,0.722753601,6.369995022,-5.9687298875,,,,,,,,Amagat,False,True
14.0,6.0,1.070622058,1.181571185,1.181571185,10.202542129,-4.7229679105,,,,,,,,Amagat,False,True
14.0,6.0,0.978518964,1.741972238,1.741972238,12.791615498,-2.4308298939999995,,,,,,,,Amagat,True,False
14.0,6.0,0.92523507,2.426447595,2.426447595,13.618750817,-0.7177279985000005,,,,,,,,Amagat,True,False
14.0,6.0,0.86688776,3.262467733,3.262467733,14.047577223,1.1939231415,,,,,,,,Amagat,True,False
14.0,6.0,0.802812768,4.28358519,4.28358519,14.098348189,3.355722737,,,,,,,,Amagat,True,False
14.0,6.0,0.731644202,5.530780668,5.530780668,13.747357504,5.8286330620000015,,,,,,,,Amagat,True,False
14.0,6.0,0.653709399,7.05410886,7.05410886,13.05605339,8.683502343,,,,,,,,Amagat,True,False
14.0,6.0,0.566666044,8.914706132,8.914706132,11.919288231,11.999585554,,,,,,,,Amagat,True,False
14.0,6.0,0.468072035,11.187244651,11.187244651,10.278531451,15.8797651685,,,,,,,,Amagat,True,False
14.0,6.0,0.377174563,13.459782683,13.459782683,8.545672284,19.6243869135,,,,,,,,Amagat,True,False
14.0,6.0,0.291007665,15.732321215,15.732321215,6.74267428,23.272208842500003,,,,,,,,Amagat,True,False
14.0,6.0,0.223675194,17.592918558,17.592918558,5.256301735,26.201053176,,,,,,,,Amagat,True,False
14.0,6.0,0.172723102,19.116246739,19.116246739,4.110263481,28.5665958245,,,,,,,,Amagat,True,False
14.0,6.0,0.131170426,20.363442194,20.363442194,3.146620216,30.485343884,,,,,,,,Amagat,True,False
14.0,6.0,0.094957308,21.384559451,21.384559451,2.282712131,32.0450322795,,,,,,,,Amagat,True,False
14.0,6.0,0.066974242,22.220579533,22.220579533,1.61493183,33.3153472195,,,,,,,,Amagat,True,False
14.0,6.0,0.04717429,22.90505504,22.90505504,1.144007505,34.350664386999995,,,,,,,,Amagat,True,False
14.0,6.0,0.026635468,23.465456046,23.465456046,0.645324515,35.195630591,,,,,,,,Amagat,True,False
14.0,6.0,0.00991781,23.924274288,23.924274288,0.24010224,35.885900108,,,,,,,,Amagat,True,False
16.0,6.0,1.08772622,0.676929841,0.676929841,6.963202866,-5.9098659285,,,,,,,,Amagat,False,True
16.0,6.0,1.080117159,1.130429623,1.130429623,10.804510931,-4.6400827515,,,,,,,,Amagat,False,True
16.0,6.0,0.991646629,1.684335346,1.684335346,13.902604262,-2.3907835090000003,,,,,,,,Amagat,True,False
16.0,6.0,0.93780169,2.360877514,2.360877514,14.811102366,-0.6904365550000007,,,,,,,,Amagat,True,False
16.0,6.0,0.877849135,3.187207997,3.187207997,15.172126274,1.1999342045,,,,,,,,Amagat,True,False
16.0,6.0,0.812072069,4.196490275,4.196490275,15.102410095,3.333768934500001,,,,,,,,Amagat,True,False
16.0,6.0,0.739302355,5.429230453,5.429230453,14.594377296,5.7701604735,,,,,,,,Amagat,True,False
16.0,6.0,0.659900676,6.934902512,6.934902512,13.740287672,8.582803921,,,,,,,,Amagat,True,False
16.0,6.0,0.570739405,8.773935057,8.773935057,12.396187422,11.849667706499998,,,,,,,,Amagat,True,False
16.0,6.0,0.471043536,11.020133996,11.020133996,10.588546709,15.672201561,,,,,,,,Amagat,True,False
16.0,6.0,0.379645771,13.266332986,13.266332986,8.742772608,19.363534248,,,,,,,,Amagat,True,False
16.0,6.0,0.29121606,15.512532158,15.512532158,6.793065815,22.959636345000003,,,,,,,,Amagat,True,False
16.0,6.0,0.224386169,17.351564464,17.351564464,5.288651068,25.849441011,,,,,,,,Amagat,True,False
16.0,6.0,0.172215606,18.857237007,18.857237007,4.090044647,28.1849284225,,,,,,,,Amagat,True,False
16.0,6.0,0.130345183,20.089977117,20.089977117,3.109680445,30.0790082425,,,,,,,,Amagat,True,False
16.0,6.0,0.096114491,21.09925919,21.09925919,2.298077033,31.61873372700001,,,,,,,,Amagat,True,False
16.0,6.0,0.069264515,21.925589363,21.925589363,1.660759782,32.8738953355,,,,,,,,Amagat,True,False
16.0,6.0,0.047050522,22.602131711,22.602131711,1.129429501,33.896588592499995,,,,,,,,Amagat,True,False
16.0,6.0,0.027579084,23.156037892,23.156037892,0.661363375,34.731641505,,,,,,,,Amagat,True,False
16.0,6.0,0.012265943,23.609536344,23.609536344,0.29413009,35.414013676,,,,,,,,Amagat,True,False
20.0,6.0,1.105126059,0.61612044,0.61612044,6.972089249,-5.856871579,,,,,,,,Amagat,False,True
20.0,6.0,1.086713289,1.074115995,1.074115995,10.069754614,-4.6403414995,,,,,,,,Amagat,False,True
20.0,6.0,1.089539698,1.633512926,1.633512926,16.579543998,-3.1200575909999997,,,,,,,,Amagat,False,True
20.0,6.0,0.960125068,2.316761715,2.316761715,17.361349196,-0.6019862804999994,,,,,,,,Amagat,True,False
20.0,6.0,0.896779649,3.151283826,3.151283826,17.572821199,1.2978196229999996,,,,,,,,Amagat,True,False
20.0,6.0,0.827844774,4.170571442,4.170571442,17.276928313,3.437925225,,,,,,,,Amagat,True,False
20.0,6.0,0.752906939,5.415532288,5.415532288,16.523909288,5.877158091999998,,,,,,,,Amagat,True,False
20.0,6.0,0.670491813,6.936130706,6.936130706,15.318342639,8.691857213,,,,,,,,Amagat,True,False
20.0,6.0,0.579497868,8.793394221,8.793394221,13.642976035,11.9621990855,,,,,,,,Amagat,True,False
20.0,6.0,0.47758927,11.061861095,11.061861095,11.47615557,15.7933257405,,,,,,,,Amagat,True,False
20.0,6.0,0.382899484,13.330328126,13.330328126,9.285389977,19.49868048,,,,,,,,Amagat,True,False
20.0,6.0,0.294912025,15.598794691,15.598794691,7.181210874,23.1125548625,,,,,,,,Amagat,True,False
20.0,6.0,0.226228132,17.456057903,17.456057903,5.51169787,26.019957551500003,,,,,,,,Amagat,True,False
20.0,6.0,0.173775287,18.976656403,18.976656403,4.239413205,28.3714441335,,,,,,,,Amagat,True,False
20.0,6.0,0.131412937,20.221617222,20.221617222,3.205075038,30.281154973,,,,,,,,Amagat,True,False
20.0,6.0,0.0970385,21.24090482,21.24090482,2.363072126,31.833827032,,,,,,,,Amagat,True,False
20.0,6.0,0.069390662,22.075425664,22.075425664,1.687581334,33.099681723,,,,,,,,Amagat,True,False
20.0,6.0,0.04809754,22.758675162,22.758675162,1.17010963,34.132135118,,,,,,,,Amagat,True,False
20.0,6.0,0.02714889,23.318071099,23.318071099,0.65718786,34.975153114499996,,,,,,,,Amagat,True,False
20.0,6.0,0.014648261,23.776067312,23.776067312,0.355353261,35.663819053,,,,,,,,Amagat,True,False
36.0,6.0,1.160518339,0.514536265,0.514536265,9.296519495,-5.7630547455,,,,,,,,Amagat,False,True
36.0,6.0,1.134820171,1.052772734,1.052772734,13.992919552,-4.3834181889999995,,,,,,,,Amagat,False,True
36.0,6.0,1.120709874,1.71017626,1.71017626,20.125963887,-2.853913804,,,,,,,,Amagat,False,True
36.0,6.0,0.943880324,3.493861748,3.493861748,27.942626222,2.080452849,,,,,,,,Amagat,True,False
36.0,6.0,0.86695984,4.691729817,4.691729817,26.756998911,4.4790952505,,,,,,,,Amagat,True,False
36.0,6.0,0.784270312,6.154810289,6.154810289,24.826017941,7.2222068755,,,,,,,,Amagat,True,False
36.0,6.0,0.695249491,7.94182269,7.94182269,22.321994009,10.40036675,,,,,,,,Amagat,True,False
36.0,6.0,0.597835764,10.124487714,10.124487714,19.222471021,14.116762533,,,,,,,,Amagat,True,False
36.0,6.0,0.490903575,12.790403751,12.790403751,15.637072513,18.4972058025,,,,,,,,Amagat,True,False
36.0,6.0,0.390873248,15.456320928,15.456320928,12.195137858,22.761636107,,,,,,,,Amagat,True,False
36.0,6.0,0.299960748,18.1222356,18.1222356,9.17650378,26.943038875000003,,,,,,,,Amagat,True,False
36.0,6.0,0.230929349,20.304889096,20.304889096,6.9547367,30.319460264000003,,,,,,,,Amagat,True,False
36.0,6.0,0.177461751,22.091903433,22.091903433,5.282582731,33.059939444499996,,,,,,,,Amagat,True,False
36.0,6.0,0.134662083,23.554975562,23.554975562,3.965576103,35.289312796,,,,,,,,Amagat,True,False
36.0,6.0,0.099414096,24.752834274,24.752834274,2.896983033,37.106544311,,,,,,,,Amagat,True,False
36.0,6.0,0.070104132,25.733554538,25.733554538,2.022007818,38.589000796,,,,,,,,Amagat,True,False
36.0,6.0,0.048235435,26.53649981,26.53649981,1.383899548,39.799934481,,,,,,,,Amagat,True,False
36.0,6.0,0.026623944,27.193893273,27.193893273,0.755635993,40.7891423105,,,,,,,,Amagat,True,False
36.0,6.0,0.012086496,27.7321215,27.7321215,0.341713726,41.59784679,,,,,,,,Amagat,True,False
48.0,6.0,1.181325176,0.482558407,0.482558407,10.116587128,-5.7363921965,,,,,,,,Amagat,False,True
48.0,6.0,1.18332367,1.09755385,1.09755385,26.059563326,-4.06927639,,,,,,,,Amagat,False,True
48.0,6.0,1.142488159,1.848711204,1.848711204,26.315626609,-2.494436629,,,,,,,,Amagat,False,True
48.0,6.0,1.130132026,2.766177263,2.766177263,38.474733081,-0.3978294475000004,,,,,,,,Amagat,False,True
48.0,6.0,0.962283122,3.886775123,3.886775123,35.788159719,2.7690714515000003,,,,,,,,Amagat,True,False
48.0,6.0,0.881587153,5.255480587,5.255480587,33.880550898,5.4215754915,,,,,,,,Amagat,True,False
48.0,6.0,0.796014841,6.927228758,6.927228758,31.118514411,8.468966052,,,,,,,,Amagat,True,False
48.0,6.0,0.703478038,8.969117406,8.969117406,27.545367419,12.01455408,,,,,,,,Amagat,True,False
48.0,6.0,0.603754764,11.46309998,11.46309998,23.452916709,16.183752935,,,,,,,,Amagat,True,False
48.0,6.0,0.493465724,14.509264581,14.509264581,18.715240563,21.1167414625,,,,,,,,Amagat,True,False
48.0,6.0,0.392424743,17.555418927,17.555418927,14.447319714,25.9378320325,,,,,,,,Amagat,True,False
48.0,6.0,0.299657277,20.601543066,20.601543066,10.697839981,30.678052403,,,,,,,,Amagat,True,False
48.0,6.0,0.231914838,23.095469888,23.095469888,8.127463046,34.51538939,,,,,,,,Amagat,True,False
48.0,6.0,0.17833949,25.137292858,25.137292858,6.148068015,37.633934702,,,,,,,,Amagat,True,False
48.0,6.0,0.133993829,26.808993281,26.808993281,4.540222114,40.1735435695,,,,,,,,Amagat,True,False
48.0,6.0,0.098657687,28.177647482,28.177647482,3.29802279,42.245541998,,,,,,,,Amagat,True,False
48.0,6.0,0.070195678,29.298199218,29.298199218,2.320196421,43.937056584,,,,,,,,Amagat,True,False
48.0,6.0,0.047267764,30.215623879,30.215623879,1.548291113,45.3189960445,,,,,,,,Amagat,True,False
48.0,6.0,0.027558801,30.96674813,30.96674813,0.894169244,46.448467044,,,,,,,,Amagat,True,False
48.0,6.0,0.010977346,31.581709571,31.581709571,0.353152086,47.3722047265,,,,,,,,Amagat,True,False
8.0,6.0,0.368360252,2.161499973,2.161499973,0.410026793,0.0695860545000006,,,,,,,,Boyle,True,False
8.0,6.0,0.3430588,2.331268226,2.331268226,0.487890252,0.572975343,,,,,,,,Boyle,True,False
8.0,6.0,0.316983225,2.52525062,2.52525062,0.557597625,1.1182720490000002,,,,,,,,Boyle,True,False
8.0,6.0,0.28761409,2.746900889,2.746900889,0.610428511,1.7296681295000005,,,,,,,,Boyle,True,False
8.0,6.0,0.254762231,3.000165433,3.000165433,0.640953887,2.4106969875,,,,,,,,Boyle,True,False
8.0,6.0,0.217887606,3.289553234,3.289553234,0.639521912,3.1737755750000005,,,,,,,,Boyle,True,False
8.0,6.0,0.18398694,3.57894101,3.57894101,0.612960635,3.901834178,,,,,,,,Boyle,True,False
8.0,6.0,0.148906649,3.86832881,3.86832881,0.551601493,4.631717438,,,,,,,,Boyle,True,False
8.0,6.0,0.120868653,4.1215933,4.1215933,0.485124315,5.243542957999999,,,,,,,,Boyle,True,False
8.0,6.0,0.096541541,4.343243636,4.343243636,0.412734242,5.772146080000001,,,,,,,,Boyle,True,False
8.0,6.0,0.077618176,4.537226055,4.537226055,0.348891487,6.214305072499999,,,,,,,,Boyle,True,False
8.0,6.0,0.056334025,4.7069943,4.7069943,0.263806118,6.633817058,,,,,,,,Boyle,True,False
8.0,6.0,0.041813165,4.855571,4.855571,0.202468641,6.968615308,,,,,,,,Boyle,True,False
8.0,6.0,0.030453136,4.985601315,4.985601315,0.151650564,7.250689658500001,,,,,,,,Boyle,True,False
8.0,6.0,0.017845609,5.099400376,5.099400376,0.090957823,7.516218242,,,,,,,,Boyle,True,False
8.0,6.0,0.007631065,5.198994273,5.198994273,0.039666962,7.7420132825,,,,,,,,Boyle,True,False
10.0,6.0,0.362528444,1.762670576,1.762670576,0.331257712,-0.0532255699999995,,,,,,,,Boyle,True,False
10.0,6.0,0.33894086,1.887571244,1.887571244,0.389556095,0.336856375,,,,,,,,Boyle,True,False
10.0,6.0,0.312757099,2.030286577,2.030286577,0.440204933,0.7706052405000001,,,,,,,,Boyle,True,False
10.0,6.0,0.283285183,2.1933575,2.1933575,0.477229315,1.2553374220000002,,,,,,,,Boyle,True,False
10.0,6.0,0.250453913,2.379687387,2.379687387,0.496666934,1.7956358655,,,,,,,,Boyle,True,False
10.0,6.0,0.216367417,2.592593618,2.592593618,0.497872041,2.3792331229999997,,,,,,,,Boyle,True,False
10.0,6.0,0.181336085,2.805499825,2.805499825,0.471951491,2.9600156155,,,,,,,,Boyle,True,False
10.0,6.0,0.146500853,3.018406149,3.018406149,0.422309972,3.5323656275,,,,,,,,Boyle,True,False
10.0,6.0,0.119791801,3.204736052,3.204736052,0.373252088,4.003185807,,,,,,,,Boyle,True,False
10.0,6.0,0.096783698,3.367806969,3.367806969,0.320582908,4.4081162545,,,,,,,,Boyle,True,False
10.0,6.0,0.074728388,3.510522253,3.510522253,0.259693614,4.7730715285,,,,,,,,Boyle,True,False
10.0,6.0,0.058697011,3.635422998,3.635422998,0.212235594,5.069117009000001,,,,,,,,Boyle,True,False
10.0,6.0,0.042212169,3.744732667,3.744732667,0.157642534,5.3427831695,,,,,,,,Boyle,True,False
10.0,6.0,0.02741149,3.840397598,3.840397598,0.105138311,5.583080997000001,,,,,,,,Boyle,True,False
10.0,6.0,0.017587001,3.924121016,3.924121016,0.0689788,5.773330378,,,,,,,,Boyle,True,False
10.0,6.0,0.008897274,3.997393507,3.997393507,0.035563619,5.9391086615,,,,,,,,Boyle,True,False
11.0,6.0,0.361836063,1.649720376,1.649720376,0.313864785,-0.077164915,,,,,,,,Boyle,True,False
11.0,6.0,0.343159245,1.737064685,1.737064685,0.354670569,0.2053268894999997,,,,,,,,Boyle,True,False
11.0,6.0,0.323000635,1.836867033,1.836867033,0.394455105,0.5175585915000003,,,,,,,,Boyle,True,False
11.0,6.0,0.299858903,1.950904259,1.950904259,0.42621079,0.8708226225000004,,,,,,,,Boyle,True,False
11.0,6.0,0.272904533,2.081206775,2.081206775,0.447953597,1.2704619005000002,,,,,,,,Boyle,True,False
11.0,6.0,0.244659123,2.230094358,2.230094358,0.460121222,1.705519482,,,,,,,,Boyle,True,False
11.0,6.0,0.21285754,2.400217904,2.400217904,0.45501582,2.1917727119999997,,,,,,,,Boyle,True,False
11.0,6.0,0.181875318,2.570341518,2.570341518,0.432598841,2.66781095,,,,,,,,Boyle,True,False
11.0,6.0,0.152750795,2.740465086,2.740465086,0.398203701,3.124728684,,,,,,,,Boyle,True,False
11.0,6.0,0.128329135,2.889352724,2.889352724,0.358939168,3.514379121,,,,,,,,Boyle,True,False
11.0,6.0,0.106883488,3.019655171,3.019655171,0.315945498,3.8521875305,,,,,,,,Boyle,True,False
11.0,6.0,0.087738458,3.133692399,3.133692399,0.271122777,4.1488879425,,,,,,,,Boyle,True,False
11.0,6.0,0.071636187,3.233494772,3.233494772,0.229561411,4.403199549999999,,,,,,,,Boyle,True,False
11.0,6.0,0.056325567,3.320839126,3.320839126,0.185987352,4.631788833000001,,,,,,,,Boyle,True,False
11.0,6.0,0.043749963,3.397280604,3.397280604,0.148117067,4.825255609,,,,,,,,Boyle,True,False
11.0,6.0,0.038801734,3.464180125,3.464180125,0.134158714,4.9578885354999995,,,,,,,,Boyle,True,False
11.0,6.0,0.024759171,3.522728784,3.522728784,0.087136222,5.132352807,,,,,,,,Boyle,True,False
11.0,6.0,0.017369517,3.573969018,3.573969018,0.062035925,5.254602737000001,,,,,,,,Boyle,True,False
12.0,6.0,0.365394249,1.542841608,1.542841608,0.289670696,-0.1578783619999999,,,,,,,,Boyle,True,False
12.0,6.0,0.341560569,1.64478594,1.64478594,0.33904673,0.182746861,,,,,,,,Boyle,True,False
12.0,6.0,0.31420175,1.761270674,1.761270674,0.379899197,0.5651212009999997,,,,,,,,Boyle,True,False
12.0,6.0,0.285416094,1.894369702,1.894369702,0.412465624,0.979141177,,,,,,,,Boyle,True,False
12.0,6.0,0.253150901,2.046452781,2.046452781,0.429087155,1.4406912395000002,,,,,,,,Boyle,True,False
12.0,6.0,0.217033657,2.220227572,2.220227572,0.426007195,1.955272285,,,,,,,,Boyle,True,False
12.0,6.0,0.182248385,2.394002393,2.394002393,0.403141688,2.4507748425,,,,,,,,Boyle,True,False
12.0,6.0,0.150309947,2.567777182,2.567777182,0.367812022,2.924465669,,,,,,,,Boyle,True,False
12.0,6.0,0.120632292,2.719860266,2.719860266,0.318693076,3.3440336100000003,,,,,,,,Boyle,True,False
12.0,6.0,0.096066491,2.85295928,2.85295928,0.269305549,3.699458906999999,,,,,,,,Boyle,True,False
12.0,6.0,0.07587961,2.969444023,2.969444023,0.223022757,4.0001505295,,,,,,,,Boyle,True,False
12.0,6.0,0.059960404,3.071388353,3.071388353,0.183083558,4.251148505500001,,,,,,,,Boyle,True,False
12.0,6.0,0.04376548,3.160607322,3.160607322,0.137902188,4.483062464,,,,,,,,Boyle,True,False
12.0,6.0,0.030261518,3.238689362,3.238689362,0.097863249,4.680039339,,,,,,,,Boyle,True,False
12.0,6.0,0.016278224,3.307024719,3.307024719,0.053801079,4.8655142975,,,,,,,,Boyle,True,False
12.0,6.0,0.010165928,3.366829969,3.366829969,0.034220708,4.9909689265,,,,,,,,Boyle,True,False
13.0,6.0,0.363201242,1.48031314,1.48031314,0.283126901,-0.1452928719999997,,,,,,,,Boyle,True,False
13.0,6.0,0.345812518,1.553694826,1.553694826,0.320070531,0.0993086020000002,,,,,,,,Boyle,True,False
13.0,6.0,0.324695484,1.637543028,1.637543028,0.351667909,0.3801433120000004,,,,,,,,Boyle,True,False
13.0,6.0,0.301384048,1.733350588,1.733350588,0.378579952,0.6935162519999998,,,,,,,,Boyle,True,False
13.0,6.0,0.276205218,1.842823205,1.842823205,0.399939168,1.0353047285,,,,,,,,Boyle,True,False
13.0,6.0,0.247068389,1.967910059,1.967910059,0.408063181,1.4253517275,,,,,,,,Boyle,True,False
13.0,6.0,0.215166886,2.110838076,2.110838076,0.403071719,1.8538799899999996,,,,,,,,Boyle,True,False
13.0,6.0,0.18403736,2.253766125,2.253766125,0.382981372,2.2723323274999996,,,,,,,,Boyle,True,False
13.0,6.0,0.153883959,2.396694193,2.396694193,0.350468417,2.6799496055,,,,,,,,Boyle,True,False
13.0,6.0,0.129439188,2.521780988,2.521780988,0.315635947,3.0199023940000007,,,,,,,,Boyle,True,False
13.0,6.0,0.106418378,2.631253636,2.631253636,0.273897656,3.3259746219999995,,,,,,,,Boyle,True,False
13.0,6.0,0.089013821,2.727061178,2.727061178,0.239316503,3.575109104,,,,,,,,Boyle,True,False
13.0,6.0,0.07324825,2.81090939,2.81090939,0.20403584,3.795002506,,,,,,,,Boyle,True,False
13.0,6.0,0.057415388,2.884291068,2.884291068,0.164629096,3.997569107,,,,,,,,Boyle,True,False
13.0,6.0,0.046472645,2.948512787,2.948512787,0.136538739,4.157981072499999,,,,,,,,Boyle,True,False
13.0,6.0,0.035873504,3.004717916,3.004717916,0.107568137,4.303391888,,,,,,,,Boyle,True,False
13.0,6.0,0.02383597,3.053907155,3.053907155,0.072725234,4.4466804484999995,,,,,,,,Boyle,True,False
13.0,6.0,0.019410365,3.09695626,3.09695626,0.060074341,4.5360397610000005,,,,,,,,Boyle,True,False
13.0,6.0,0.008902878,3.134631674,3.134631674,0.027905104,4.652044054,,,,,,,,Boyle,True,False
14.0,6.0,0.369089072,1.405442529,1.405442529,0.26500122,-0.2226767404999998,,,,,,,,Boyle,True,False
14.0,6.0,0.345003624,1.493308907,1.493308907,0.308347991,0.0862966974999999,,,,,,,,Boyle,True,False
14.0,6.0,0.31754197,1.593707647,1.593707647,0.345308175,0.4301699014999998,,,,,,,,Boyle,True,False
14.0,6.0,0.288440495,1.708426366,1.708426366,0.373094442,0.8047086649999999,,,,,,,,Boyle,True,False
14.0,6.0,0.25536757,1.83950753,1.83950753,0.387172845,1.224415905,,,,,,,,Boyle,True,False
14.0,6.0,0.219744868,1.989284901,1.989284901,0.384827879,1.6843307855000005,,,,,,,,Boyle,True,False
14.0,6.0,0.185154683,2.139062197,2.139062197,0.365231015,2.1288342385,,,,,,,,Boyle,True,False
14.0,6.0,0.151018255,2.288839538,2.288839538,0.3288999,2.5648656680000004,,,,,,,,Boyle,True,False
14.0,6.0,0.123584081,2.419920729,2.419920729,0.290079332,2.9278948165000003,,,,,,,,Boyle,True,False
14.0,6.0,0.098867854,2.534639434,2.534639434,0.245996553,3.2450772409999997,,,,,,,,Boyle,True,False
14.0,6.0,0.07721446,2.635038207,2.635038207,0.201264632,3.5220527365,,,,,,,,Boyle,True,False
14.0,6.0,0.060534489,2.722904502,2.722904502,0.163785136,3.748843957,,,,,,,,Boyle,True,False
14.0,6.0,0.044088217,2.799802765,2.799802765,0.123036346,3.9569037775,,,,,,,,Boyle,True,False
14.0,6.0,0.030977744,2.867102052,2.867102052,0.088683728,4.131167693,,,,,,,,Boyle,True,False
14.0,6.0,0.018934613,2.926000625,2.926000625,0.05537659,4.2855218845,,,,,,,,Boyle,True,False
14.0,6.0,0.012477837,2.977547072,2.977547072,0.037151474,4.398591296,,,,,,,,Boyle,True,False
16.0,6.0,0.349102637,1.386453146,1.386453146,0.287930846,0.0095939660000001,,,,,,,,Boyle,True,False
16.0,6.0,0.321594938,1.476151021,1.476151021,0.32185185,0.3302492685,,,,,,,,Boyle,True,False
16.0,6.0,0.291909509,1.578642644,1.578642644,0.346938663,0.6812904770000001,,,,,,,,Boyle,True,False
16.0,6.0,0.258452291,1.695752743,1.695752743,0.359279477,1.0691837955,,,,,,,,Boyle,True,False
16.0,6.0,0.220800934,1.829566325,1.829566325,0.354615813,1.5050112585000002,,,,,,,,Boyle,True,False
16.0,6.0,0.186511384,1.963379907,1.963379907,0.336648658,1.9128583855,,,,,,,,Boyle,True,False
16.0,6.0,0.152976743,2.097193518,2.097193518,0.304890765,2.311277537,,,,,,,,Boyle,True,False
16.0,6.0,0.125742199,2.214303549,2.214303549,0.270028155,2.6444043994999995,,,,,,,,Boyle,True,False
16.0,6.0,0.099124484,2.316795169,2.316795169,0.225299008,2.9462705635,,,,,,,,Boyle,True,False
16.0,6.0,0.077763928,2.406493123,2.406493123,0.185048494,3.1985907685,,,,,,,,Boyle,True,False
16.0,6.0,0.061751661,2.484994352,2.484994352,0.152483495,3.4032673530000004,,,,,,,,Boyle,True,False
16.0,6.0,0.043465358,2.553696521,2.553696521,0.110622671,3.6036905955,,,,,,,,Boyle,True,False
16.0,6.0,0.03060932,2.613822841,2.613822841,0.079874432,3.7621385875,,,,,,,,Boyle,True,False
16.0,6.0,0.017990853,2.666443791,2.666443791,0.047947646,3.9066425135,,,,,,,,Boyle,True,False
16.0,6.0,0.008872426,2.712496242,2.712496242,0.024065179,4.023303263,,,,,,,,Boyle,True,False
20.0,6.0,0.356738832,1.245184015,1.245184015,0.260138029,-0.0954839855,,,,,,,,Boyle,True,False
20.0,6.0,0.328695797,1.321480516,1.321480516,0.290061693,0.1945389389999998,,,,,,,,Boyle,True,False
20.0,6.0,0.298735365,1.408659139,1.408659139,0.313557723,0.5119074615000001,,,,,,,,Boyle,True,False
20.0,6.0,0.263920584,1.508272145,1.508272145,0.324225783,0.8680585565000001,,,,,,,,Boyle,True,False
20.0,6.0,0.227335262,1.622093,1.622093,0.321811979,1.2518788800000002,,,,,,,,Boyle,True,False
20.0,6.0,0.191280104,1.735913878,1.735913878,0.30433776,1.6239279190000002,,,,,,,,Boyle,True,False
20.0,6.0,0.156148687,1.849734715,1.849734715,0.27378974,1.9854206065,,,,,,,,Boyle,True,False
20.0,6.0,0.126822646,1.949347736,1.949347736,0.239255882,2.292107909,,,,,,,,Boyle,True,False
20.0,6.0,0.101571457,2.0365264,2.0365264,0.202758056,2.5529672060000004,,,,,,,,Boyle,True,False
20.0,6.0,0.081206727,2.112822793,2.112822793,0.169517822,2.7717571055,,,,,,,,Boyle,True,False
20.0,6.0,0.062842057,2.179595377,2.179595377,0.136044955,2.9641620125,,,,,,,,Boyle,True,False
20.0,6.0,0.046030709,2.238032956,2.238032956,0.102638418,3.134810331,,,,,,,,Boyle,True,False
20.0,6.0,0.030386911,2.289175997,2.289175997,0.069436393,3.2880222315000003,,,,,,,,Boyle,True,False
20.0,6.0,0.023398524,2.333934985,2.333934985,0.05458006,3.3890359775,,,,,,,,Boyle,True,False
20.0,6.0,0.006272324,2.373106872,2.373106872,0.01488365,3.530061716,,,,,,,,Boyle,True,False
36.0,6.0,0.36757101,1.024201534,1.024201534,0.220028663,-0.20326927,,,,,,,,Boyle,True,False
36.0,6.0,0.339519004,1.079119404,1.079119404,0.2440006,0.0325680640000001,,,,,,,,Boyle,True,False
36.0,6.0,0.308708691,1.141870281,1.141870281,0.261597091,0.2930694955000001,,,,,,,,Boyle,True,False
36.0,6.0,0.27406991,1.213571348,1.213571348,0.269016483,0.57737704,,,,,,,,Boyle,True,False
36.0,6.0,0.235393453,1.295499185,1.295499185,0.264899522,0.8926234065,,,,,,,,Boyle,True,False
36.0,6.0,0.197494376,1.377427073,1.377427073,0.248368574,1.1993736425,,,,,,,,Boyle,True,False
36.0,6.0,0.163116617,1.459354883,1.459354883,0.224929094,1.4832270085000003,,,,,,,,Boyle,True,False
36.0,6.0,0.132340622,1.531055956,1.531055956,0.195672858,1.7322548800000002,,,,,,,,Boyle,True,False
36.0,6.0,0.106400404,1.59380682,1.59380682,0.165949897,1.941370204,,,,,,,,Boyle,True,False
36.0,6.0,0.083431468,1.648724716,1.648724716,0.135821349,2.124196885,,,,,,,,Boyle,True,False
36.0,6.0,0.064432819,1.696787343,1.696787343,0.108539963,2.2774299334999997,,,,,,,,Boyle,True,False
36.0,6.0,0.048377892,1.738850513,1.738850513,0.08377026,2.4091498225,,,,,,,,Boyle,True,False
36.0,6.0,0.033256134,1.775663071,1.775663071,0.058939653,2.5274449585,,,,,,,,Boyle,True,False
36.0,6.0,0.021954994,1.807880443,1.807880443,0.039668525,2.6224584495,,,,,,,,Boyle,True,False
36.0,6.0,0.005715967,1.836076218,1.836076218,0.010493555,2.73102917,,,,,,,,Boyle,True,False
48.0,6.0,0.371834952,0.95555781,0.95555781,0.208578657,-0.2315315630000001,,,,,,,,Boyle,True,False
48.0,6.0,0.345248583,1.004461509,1.004461509,0.231134708,-0.0183539655,,,,,,,,Boyle,True,False
48.0,6.0,0.311702918,1.060340384,1.060340384,0.244521165,0.2343848440000002,,,,,,,,Boyle,True,False
48.0,6.0,0.277704388,1.124189308,1.124189308,0.251961319,0.4959084870000001,,,,,,,,Boyle,True,False
48.0,6.0,0.23822799,1.197145045,1.197145045,0.247053781,0.7925024915000001,,,,,,,,Boyle,True,False
48.0,6.0,0.199844135,1.270100828,1.270100828,0.231016489,1.0758653749999998,,,,,,,,Boyle,True,False
48.0,6.0,0.165120844,1.343056537,1.343056537,0.209448634,1.3395306735,,,,,,,,Boyle,True,False
48.0,6.0,0.133349755,1.406905461,1.406905461,0.181188632,1.5731001145,,,,,,,,Boyle,True,False
48.0,6.0,0.107080817,1.462784329,1.462784329,0.153179294,1.7667669955,,,,,,,,Boyle,True,False
48.0,6.0,0.084756005,1.511688031,1.511688031,0.126418847,1.9329075405,,,,,,,,Boyle,True,False
48.0,6.0,0.065831561,1.554487254,1.554487254,0.101555064,2.0739573310000003,,,,,,,,Boyle,True,False
48.0,6.0,0.049482595,1.59194398,1.59194398,0.078492393,2.1962804279999997,,,,,,,,Boyle,True,False
48.0,6.0,0.034034493,1.62472511,1.62472511,0.055206709,2.306135543,,,,,,,,Boyle,True,False
48.0,6.0,0.021298275,1.653414276,1.653414276,0.035180918,2.397823608,,,,,,,,Boyle,True,False
48.0,6.0,0.005633543,1.678522272,1.678522272,0.009455336,2.4961034439999996,,,,,,,,Boyle,True,False
8.0,6.0,0.672967324,1.456349991,1.456349991,0.180854572,-3.6716597005,,,,,,,,Charles,True,False
8.0,6.0,0.644237788,1.688457535,1.688457535,0.537089855,-2.9704522754999996,,,,,,,,Charles,True,False
8.0,6.0,0.615128701,1.953670704,1.953670704,0.882690645,-2.2199705259999996,,,,,,,,Charles,True,False
8.0,6.0,0.582609869,2.256711425,2.256711425,1.192011263,-1.3913454485,,,,,,,,Charles,True,False
8.0,6.0,0.544631878,2.6029752,2.6029752,1.448235368,-0.4630450239999994,,,,,,,,Charles,True,False
8.0,6.0,0.505295055,2.998626801,2.998626801,1.668111545,0.5403991454999995,,,,,,,,Charles,True,False
8.0,6.0,0.461174589,3.450710285,3.450710285,1.826107156,1.6545493545000003,,,,,,,,Charles,True,False
8.0,6.0,0.414559181,3.967275102,3.967275102,1.926245815,2.870434701,,,,,,,,Charles,True,False
8.0,6.0,0.364773713,4.557517945,4.557517945,1.955765487,4.204809212499999,,,,,,,,Charles,True,False
8.0,6.0,0.311093783,5.231947461,5.231947461,1.897613764,5.674274104499999,,,,,,,,Charles,True,False
8.0,6.0,0.260177708,5.906377071,5.906377071,1.762071951,7.095724647499999,,,,,,,,Charles,True,False
8.0,6.0,0.21307873,6.580806685,6.580806685,1.57661086,8.4685705865,,,,,,,,Charles,True,False
8.0,6.0,0.170629065,7.171049503,7.171049503,1.346484034,9.6601899995,,,,,,,,Charles,True,False
8.0,6.0,0.136395536,7.687614284,7.687614284,1.133701025,10.673437979,,,,,,,,Charles,True,False
8.0,6.0,0.10686193,8.139697952,8.139697952,0.925066122,11.548793947000002,,,,,,,,Charles,True,False
8.0,6.0,0.08079619,8.535349535,8.535349535,0.722946639,12.3113679045,,,,,,,,Charles,True,False
8.0,6.0,0.058458896,8.881613198,8.881613198,0.537283158,12.971268367,,,,,,,,Charles,True,False
8.0,6.0,0.03917812,9.184653979,9.184653979,0.368188047,13.5440685555,,,,,,,,Charles,True,False
8.0,6.0,0.023374383,9.449867182,9.449867182,0.223936326,14.037237751,,,,,,,,Charles,True,False
8.0,6.0,0.008464573,9.681974668,9.681974668,0.082363621,14.473745474,,,,,,,,Charles,True,False
10.0,6.0,0.674859174,1.222199994,1.222199994,0.206842604,-3.2667029380000008,,,,,,,,Charles,True,False
10.0,6.0,0.648027618,1.399052161,1.399052161,0.504109704,-2.7117523475000005,,,,,,,,Charles,True,False
10.0,6.0,0.614819767,1.601128894,1.601128894,0.755782104,-2.0773382290000004,,,,,,,,Charles,True,False
10.0,6.0,0.581969068,1.832027907,1.832027907,0.999981322,-1.4064041055,,,,,,,,Charles,True,False
10.0,6.0,0.545139643,2.095860338,2.095860338,1.208359227,-0.6642275859999995,,,,,,,,Charles,True,False
10.0,6.0,0.50583024,2.397323317,2.397323317,1.379693006,0.1435115545000003,,,,,,,,Charles,True,False
10.0,6.0,0.462769557,2.741784281,2.741784281,1.503765107,1.0315034964999996,,,,,,,,Charles,True,False
10.0,6.0,0.416674171,3.135375967,3.135375967,1.577505449,2.0015227915,,,,,,,,Charles,True,False
10.0,6.0,0.366171178,3.585105941,3.585105941,1.586790837,3.0707627675,,,,,,,,Charles,True,False
10.0,6.0,0.312133425,4.098981275,4.098981275,1.526615963,4.2427230835,,,,,,,,Charles,True,False
10.0,6.0,0.262085119,4.61285654,4.61285654,1.416031468,5.365218491,,,,,,,,Charles,True,False
10.0,6.0,0.213898723,5.126731908,5.126731908,1.25389607,6.45694637,,,,,,,,Charles,True,False
10.0,6.0,0.172212405,5.576461901,5.576461901,1.072094106,7.395304665499999,,,,,,,,Charles,True,False
10.0,6.0,0.137954014,5.970053607,5.970053607,0.900982189,8.193737343499999,,,,,,,,Charles,True,False
10.0,6.0,0.10681805,6.314514589,6.314514589,0.723589846,8.892751092500001,,,,,,,,Charles,True,False
10.0,6.0,0.081004851,6.615977543,6.615977543,0.565409863,9.4907678745,,,,,,,,Charles,True,False
10.0,6.0,0.059002864,6.879809954,6.879809954,0.422109942,10.007985477,,,,,,,,Charles,True,False
10.0,6.0,0.039256298,7.110709004,7.110709004,0.286503598,10.461113531,,,,,,,,Charles,True,False
10.0,6.0,0.022125943,7.312785732,7.312785732,0.164203184,10.85473731,,,,,,,,Charles,True,False
10.0,6.0,0.008895088,7.489637875,7.489637875,0.067021861,11.1889282305,,,,,,,,Charles,True,False
11.0,6.0,0.678936031,1.155000039,1.155000039,0.230952308,-3.1471240535,,,,,,,,Charles,True,False
11.0,6.0,0.661725634,1.250614865,1.250614865,0.393859272,-2.8301380805000003,,,,,,,,Charles,True,False
11.0,6.0,0.64276132,1.35986735,1.35986735,0.56086168,-2.478425938,,,,,,,,Charles,True,False
11.0,6.0,0.621817426,1.484702616,1.484702616,0.725862848,-2.0889362629999995,,,,,,,,Charles,True,False
11.0,6.0,0.597529197,1.62734317,1.62734317,0.878759194,-1.649758115,,,,,,,,Charles,True,False
11.0,6.0,0.571642723,1.790328804,1.790328804,1.026344503,-1.1693115289999998,,,,,,,,Charles,True,False
11.0,6.0,0.543569638,1.976561098,1.976561098,1.166432958,-0.6409140010000001,,,,,,,,Charles,True,False
11.0,6.0,0.512167683,2.189355847,2.189355847,1.284244012,-0.0537217935000002,,,,,,,,Charles,True,False
11.0,6.0,0.478038855,2.432501766,2.432501766,1.381364431,0.5929716550000004,,,,,,,,Charles,True,False
11.0,6.0,0.441524621,2.710327667,2.710327667,1.453550709,1.3030542985000002,,,,,,,,Charles,True,False
11.0,6.0,0.40112628,3.027780293,3.027780293,1.486708005,2.088665459500001,,,,,,,,Charles,True,False
11.0,6.0,0.357515404,3.39051125,3.39051125,1.479157963,2.952777202,,,,,,,,Charles,True,False
11.0,6.0,0.310134402,3.804978956,3.804978956,1.421198875,3.906842367,,,,,,,,Charles,True,False
11.0,6.0,0.264594645,4.219446487,4.219446487,1.319063697,4.832377027500001,,,,,,,,Charles,True,False
11.0,6.0,0.220338661,4.633914176,4.633914176,1.178713205,5.73435882,,,,,,,,Charles,True,False
11.0,6.0,0.183834334,4.996645216,4.996645216,1.038663277,6.501771966,,,,,,,,Charles,True,False
11.0,6.0,0.151985234,5.314097804,5.314097804,0.895280782,7.164706536000001,,,,,,,,Charles,True,False
11.0,6.0,0.124821505,5.591923681,5.591923681,0.760195041,7.735434200499999,,,,,,,,Charles,True,False
11.0,6.0,0.101171916,5.835069645,5.835069645,0.632845775,8.230457271499999,,,,,,,,Charles,True,False
11.0,6.0,0.082054392,6.047864333,6.047864333,0.525330449,8.653309304499999,,,,,,,,Charles,True,False
11.0,6.0,0.062973614,6.234096678,6.234096678,0.410186602,9.033068261,,,,,,,,Charles,True,False
11.0,6.0,0.048232352,6.397082272,6.397082272,0.31905977,9.354067969,,,,,,,,Charles,True,False
11.0,6.0,0.035902711,6.539722858,6.539722858,0.240727117,9.63101846,,,,,,,,Charles,True,False
11.0,6.0,0.025096914,6.664558119,6.664558119,0.170232445,9.8728518075,,,,,,,,Charles,True,False
11.0,6.0,0.013788202,6.773810614,6.773810614,0.094303193,10.09292985,,,,,,,,Charles,True,False
12.0,6.0,0.683812,1.097249989,1.097249989,0.232973249,-3.0723979455,,,,,,,,Charles,True,False
12.0,6.0,0.654691502,1.245037157,1.245037157,0.48125824,-2.5728449985,,,,,,,,Charles,True,False
12.0,6.0,0.623325041,1.413903306,1.413903306,0.712890263,-2.028542171,,,,,,,,Charles,True,False
12.0,6.0,0.589269414,1.606855005,1.606855005,0.919611513,-1.4351004475,,,,,,,,Charles,True,False
12.0,6.0,0.55197589,1.827327533,1.827327533,1.098279842,-0.7858418034999999,,,,,,,,Charles,True,False
12.0,6.0,0.512846416,2.079246177,2.079246177,1.248812974,-0.0834377415,,,,,,,,Charles,True,False
12.0,6.0,0.468820815,2.367096307,2.367096307,1.348461322,0.6938320755,,,,,,,,Charles,True,False
12.0,6.0,0.422087206,2.696002635,2.696002635,1.406712718,1.5390635475000003,,,,,,,,Charles,True,False
12.0,6.0,0.371644834,3.071821236,3.071821236,1.410329678,2.463542392,,,,,,,,Charles,True,False
12.0,6.0,0.317609924,3.501243035,3.501243035,1.354077007,3.4747002584999995,,,,,,,,Charles,True,False
12.0,6.0,0.266450808,3.930664971,3.930664971,1.247065495,4.4479032955,,,,,,,,Charles,True,False
12.0,6.0,0.216992242,4.360086757,4.360086757,1.096784833,5.3931246675,,,,,,,,Charles,True,False
12.0,6.0,0.174594338,4.735905282,4.735905282,0.933463855,6.201913855,,,,,,,,Charles,True,False
12.0,6.0,0.139701891,5.064811725,5.064811725,0.781072671,6.8897881525,,,,,,,,Charles,True,False
12.0,6.0,0.108808706,5.352661732,5.352661732,0.629546286,7.487338480999998,,,,,,,,Charles,True,False
12.0,6.0,0.082757138,5.604580486,5.604580486,0.492256626,8.000662507,,,,,,,,Charles,True,False
12.0,6.0,0.061105077,5.825053001,5.825053001,0.37202579,8.441528911499999,,,,,,,,Charles,True,False
12.0,6.0,0.039298445,6.01800469,6.01800469,0.243321136,8.838339384000001,,,,,,,,Charles,True,False
12.0,6.0,0.023547563,6.186870824,6.186870824,0.148206119,9.168229398,,,,,,,,Charles,True,False
12.0,6.0,0.007930024,6.334657993,6.334657993,0.050525772,9.4645966105,,,,,,,,Charles,True,False
13.0,6.0,0.68958663,1.048950001,1.048950001,0.232541667,-3.0258397545,,,,,,,,Charles,True,False
13.0,6.0,0.673318208,1.131283178,1.131283178,0.387670564,-2.747393768,,,,,,,,Charles,True,False
13.0,6.0,0.652819195,1.225359588,1.225359588,0.532174535,-2.421751355,,,,,,,,Charles,True,False
13.0,6.0,0.6318957,1.332854141,1.332854141,0.682523132,-2.0727480325000003,,,,,,,,Charles,True,False
13.0,6.0,0.608311334,1.455680812,1.455680812,0.826764636,-1.682927796,,,,,,,,Charles,True,False
13.0,6.0,0.580739293,1.596026281,1.596026281,0.953975363,-1.2424878415,,,,,,,,Charles,True,False
13.0,6.0,0.552854965,1.756389419,1.756389419,1.083242217,-0.7714382224999996,,,,,,,,Charles,True,False
13.0,6.0,0.52147393,1.939625212,1.939625212,1.18913886,-0.246673501,,,,,,,,Charles,True,False
13.0,6.0,0.486690466,2.148996097,2.148996097,1.274097467,0.3343879955000002,,,,,,,,Charles,True,False
13.0,6.0,0.448898858,2.388229811,2.388229811,1.331650917,0.9735321805,,,,,,,,Charles,True,False
13.0,6.0,0.407844335,2.66158545,2.66158545,1.357579029,1.6754390529999998,,,,,,,,Charles,True,False
13.0,6.0,0.36386052,2.973930145,2.973930145,1.347439282,2.4440479375,,,,,,,,Charles,True,False
13.0,6.0,0.315933439,3.330824781,3.330824781,1.290561013,3.2919945465,,,,,,,,Charles,True,False
13.0,6.0,0.268567058,3.687719444,3.687719444,1.187951198,4.11932851,,,,,,,,Charles,True,False
13.0,6.0,0.224508461,4.04461406,4.04461406,1.063003261,4.915450857999999,,,,,,,,Charles,True,False
13.0,6.0,0.18767589,4.356958747,4.356958747,0.935737769,5.5923604365,,,,,,,,Charles,True,False
13.0,6.0,0.154830259,4.630314426,4.630314426,0.801958167,6.181315597,,,,,,,,Charles,True,False
13.0,6.0,0.127497518,4.869548067,4.869548067,0.68164401,6.6845633095000005,,,,,,,,Charles,True,False
13.0,6.0,0.104522022,5.078918948,5.078918948,0.573343018,7.1169216440000005,,,,,,,,Charles,True,False
13.0,6.0,0.08255585,5.262154798,5.262154798,0.461940346,7.501621423,,,,,,,,Charles,True,False
13.0,6.0,0.065451601,5.422517872,5.422517872,0.372617199,7.826350762000001,,,,,,,,Charles,True,False
13.0,6.0,0.04919593,5.562863381,5.562863381,0.283906451,8.1146582455,,,,,,,,Charles,True,False
13.0,6.0,0.034961304,5.685689996,5.685689996,0.204051349,8.366523243,,,,,,,,Charles,True,False
13.0,6.0,0.023642229,5.793184596,5.793184596,0.139397265,8.580852509,,,,,,,,Charles,True,False
13.0,6.0,0.026915218,5.887261007,5.887261007,0.161742247,8.707927559500002,,,,,,,,Charles,True,False
14.0,6.0,0.695172483,1.011149985,1.011149985,0.238386082,-2.9854629555,,,,,,,,Charles,True,False
14.0,6.0,0.66684548,1.141183182,1.141183182,0.474854629,-2.5333354740000003,,,,,,,,Charles,True,False
14.0,6.0,0.634916693,1.289763064,1.289763064,0.686221677,-2.033127464,,,,,,,,Charles,True,False
14.0,6.0,0.59832958,1.459535015,1.459535015,0.86738206,-1.4772480115000004,,,,,,,,Charles,True,False
14.0,6.0,0.56251069,1.653521698,1.653521698,1.040638599,-0.894341754,,,,,,,,Charles,True,False
14.0,6.0,0.519866015,1.875176791,1.875176791,1.161868691,-0.2354190505,,,,,,,,Charles,True,False
14.0,6.0,0.477177924,2.128446781,2.128446781,1.262736955,0.4628727845,,,,,,,,Charles,True,False
14.0,6.0,0.428836822,2.417840919,2.417840919,1.305152737,1.2365416995000005,,,,,,,,Charles,True,False
14.0,6.0,0.37713618,2.748511571,2.748511571,1.301384039,2.0795164584999997,,,,,,,,Charles,True,False
14.0,6.0,0.322998413,3.126345985,3.126345985,1.24929638,2.9921208094999994,,,,,,,,Charles,True,False
14.0,6.0,0.270260249,3.504180493,3.504180493,1.142316697,3.8766038855,,,,,,,,Charles,True,False
14.0,6.0,0.220028055,3.882014949,3.882014949,1.001441032,4.7305987685,,,,,,,,Charles,True,False
14.0,6.0,0.178016319,4.212685548,4.212685548,0.855156179,5.454896494,,,,,,,,Charles,True,False
14.0,6.0,0.142906232,4.502079671,4.502079671,0.716294797,6.073339906499999,,,,,,,,Charles,True,False
14.0,6.0,0.111085564,4.755349644,4.755349644,0.574444119,6.613144647,,,,,,,,Charles,True,False
14.0,6.0,0.084857742,4.977004802,4.977004802,0.450648071,7.074361500999999,,,,,,,,Charles,True,False
14.0,6.0,0.059869326,5.170991454,5.170991454,0.324125882,7.484026101,,,,,,,,Charles,True,False
14.0,6.0,0.040857167,5.340763443,5.340763443,0.225145252,7.8271752945,,,,,,,,Charles,True,False
14.0,6.0,0.023576671,5.489343345,5.489343345,0.131782245,8.128561617499999,,,,,,,,Charles,True,False
14.0,6.0,0.005235004,5.619376486,5.619376486,0.029536457,8.406073823,,,,,,,,Charles,True,False
16.0,6.0,0.709444575,0.942900006,0.942900006,0.231288965,-2.971828935,,,,,,,,Charles,True,False
16.0,6.0,0.678643887,1.06108051,1.06108051,0.449012773,-2.532123272,,,,,,,,Charles,True,False
16.0,6.0,0.646980291,1.196117131,1.196117131,0.658710957,-2.0653420195,,,,,,,,Charles,True,False
16.0,6.0,0.610246567,1.350414202,1.350414202,0.835222183,-1.5431438119999998,,,,,,,,Charles,True,False
16.0,6.0,0.572062068,1.526718784,1.526718784,0.991642247,-0.9839649819999998,,,,,,,,Charles,True,False
16.0,6.0,0.531353625,1.72816989,1.72816989,1.119843857,-0.3808232510000002,,,,,,,,Charles,True,False
16.0,6.0,0.486280655,1.958353994,1.958353994,1.203606507,0.2824930590000001,,,,,,,,Charles,True,False
16.0,6.0,0.437213633,2.221369529,2.221369529,1.244611297,1.0078549274999995,,,,,,,,Charles,True,False
16.0,6.0,0.384962751,2.52189912,2.52189912,1.239836619,1.793470754,,,,,,,,Charles,True,False
16.0,6.0,0.329092663,2.865293574,2.865293574,1.182933651,2.6486824450000004,,,,,,,,Charles,True,False
16.0,6.0,0.275392626,3.208687977,3.208687977,1.079638998,3.4721414594999995,,,,,,,,Charles,True,False
16.0,6.0,0.225084372,3.55208241,3.55208241,0.947834151,4.261809866,,,,,,,,Charles,True,False
16.0,6.0,0.182103723,3.852611992,3.852611992,0.80747307,4.936522884,,,,,,,,Charles,True,False
16.0,6.0,0.144843479,4.115627556,4.115627556,0.667753287,5.516370233,,,,,,,,Charles,True,False
16.0,6.0,0.113338043,4.345811704,4.345811704,0.538732851,6.012948016,,,,,,,,Charles,True,False
16.0,6.0,0.085615551,4.547262773,4.547262773,0.416643815,6.4440699734999995,,,,,,,,Charles,True,False
16.0,6.0,0.062372943,4.723567332,4.723567332,0.309714114,6.814347943,,,,,,,,Charles,True,False
16.0,6.0,0.041783304,4.877864387,4.877864387,0.210751749,7.1374177305,,,,,,,,Charles,True,False
16.0,6.0,0.023953785,5.012901056,5.012901056,0.122422554,7.417402795999999,,,,,,,,Charles,True,False
16.0,6.0,0.009092029,5.131081558,5.131081558,0.046998705,7.658172458,,,,,,,,Charles,True,False
20.0,6.0,0.734467175,0.849450005,0.849450005,0.216709904,-2.9780061235,,,,,,,,Charles,True,False
20.0,6.0,0.702912933,0.952569887,0.952569887,0.428967832,-2.5700801175,,,,,,,,Charles,True,False
20.0,6.0,0.667832353,1.070397915,1.070397915,0.618996277,-2.1228039125,,,,,,,,Charles,True,False
20.0,6.0,0.630617386,1.205031821,1.205031821,0.789938372,-1.6424536475000002,,,,,,,,Charles,True,False
20.0,6.0,0.59072782,1.35886869,1.35886869,0.935533501,-1.1243942579999997,,,,,,,,Charles,True,False
20.0,6.0,0.547547436,1.534647412,1.534647412,1.048723838,-0.5622881230000001,,,,,,,,Charles,True,False
20.0,6.0,0.501184056,1.735497605,1.735497605,1.130529022,0.0463357644999997,,,,,,,,Charles,True,False
20.0,6.0,0.45202106,1.964995236,1.964995236,1.172187433,0.701803237,,,,,,,,Charles,True,False
20.0,6.0,0.398084649,2.227226257,2.227226257,1.162791396,1.4188423514999997,,,,,,,,Charles,True,False
20.0,6.0,0.339096469,2.526859486,2.526859486,1.099831936,2.203951054,,,,,,,,Charles,True,False
20.0,6.0,0.285316007,2.826492756,2.826492756,1.006010628,2.9427697619999997,,,,,,,,Charles,True,False
20.0,6.0,0.23324788,3.1261261,3.1261261,0.879762601,3.658034082,,,,,,,,Charles,True,False
20.0,6.0,0.18753432,3.388357107,3.388357107,0.740831432,4.2728453255,,,,,,,,Charles,True,False
20.0,6.0,0.150291031,3.617854748,3.617854748,0.616079618,4.790833053,,,,,,,,Charles,True,False
20.0,6.0,0.117484379,3.818704912,3.818704912,0.495145267,5.239542366,,,,,,,,Charles,True,False
20.0,6.0,0.089038284,3.994483622,3.994483622,0.383358335,5.62678982,,,,,,,,Charles,True,False
20.0,6.0,0.06466717,4.148320492,4.148320492,0.283414069,5.960564067,,,,,,,,Charles,True,False
20.0,6.0,0.043088125,4.282954404,4.282954404,0.191437778,6.25187969,,,,,,,,Charles,True,False
20.0,6.0,0.025282381,4.400782384,4.400782384,0.113679075,6.500807281000001,,,,,,,,Charles,True,False
36.0,6.0,0.774528106,0.712426329,0.712426329,0.178565082,-2.8559801305,,,,,,,,Charles,True,False
36.0,6.0,0.748164917,0.791235487,0.791235487,0.414961492,-2.5420498654999997,,,,,,,,Charles,True,False
36.0,6.0,0.710893373,0.881285273,0.881285273,0.5844731,-2.1532444085,,,,,,,,Charles,True,False
36.0,6.0,0.673639175,0.984178925,0.984178925,0.747876518,-1.7510625645,,,,,,,,Charles,True,False
36.0,6.0,0.630492311,1.101748387,1.101748387,0.874831542,-1.3011258875,,,,,,,,Charles,True,False
36.0,6.0,0.585482571,1.236086877,1.236086877,0.975058261,-0.8244973574999999,,,,,,,,Charles,True,False
36.0,6.0,0.536154473,1.389586176,1.389586176,1.038263295,-0.3058078280000003,,,,,,,,Charles,True,False
36.0,6.0,0.481776288,1.564979146,1.564979146,1.056285476,0.2580165160000001,,,,,,,,Charles,True,False
36.0,6.0,0.424730053,1.765388624,1.765388624,1.040037547,0.8600301310000003,,,,,,,,Charles,True,False
36.0,6.0,0.363579455,1.994382663,1.994382663,0.980447507,1.5092026215000005,,,,,,,,Charles,True,False
36.0,6.0,0.304665621,2.22337668,2.22337668,0.881583292,2.1295900960000003,,,,,,,,Charles,True,False
36.0,6.0,0.248186013,2.452370747,2.452370747,0.759995002,2.7248271244999995,,,,,,,,Charles,True,False
36.0,6.0,0.200637062,2.652780208,2.652780208,0.639352644,3.226763419,,,,,,,,Charles,True,False
36.0,6.0,0.160875687,2.828173232,2.828173232,0.528194609,3.651704603,,,,,,,,Charles,True,False
36.0,6.0,0.126378374,2.981672506,2.981672506,0.424270915,4.016204342,,,,,,,,Charles,True,False
36.0,6.0,0.095642121,3.116010983,3.116010983,0.326125387,4.3341663905,,,,,,,,Charles,True,False
36.0,6.0,0.069593808,3.233580454,3.233580454,0.240318343,4.606426675,,,,,,,,Charles,True,False
36.0,6.0,0.047257886,3.336474087,3.336474087,0.164874782,4.840624557500001,,,,,,,,Charles,True,False
36.0,6.0,0.025255353,3.426523838,3.426523838,0.088626332,5.052840977000001,,,,,,,,Charles,True,False
36.0,6.0,0.007781474,3.505333022,3.505333022,0.027479018,5.2314479679999994,,,,,,,,Charles,True,False
48.0,6.0,0.783577368,0.673050005,0.673050005,0.15451542,-2.7632195925,,,,,,,,Charles,True,False
48.0,6.0,0.757004132,0.744648174,0.744648174,0.38295356,-2.46963939,,,,,,,,Charles,True,False
48.0,6.0,0.725802469,0.826458477,0.826458477,0.581307157,-2.1376422415,,,,,,,,Charles,True,False
48.0,6.0,0.686992282,0.919937392,0.919937392,0.736447581,-1.751781999,,,,,,,,Charles,True,False
48.0,6.0,0.645040943,1.026749361,1.026749361,0.86181006,-1.3353963335,,,,,,,,Charles,True,False
48.0,6.0,0.598939632,1.148795936,1.148795936,0.95528326,-0.8832689230000002,,,,,,,,Charles,True,False
48.0,6.0,0.548385389,1.288250185,1.288250185,1.010250001,-0.3927227294999995,,,,,,,,Charles,True,False
48.0,6.0,0.493704355,1.447594823,1.447594823,1.028670982,0.1356260734999996,,,,,,,,Charles,True,False
48.0,6.0,0.435297085,1.62966699,1.62966699,1.006078487,0.7025004789999998,,,,,,,,Charles,True,False
48.0,6.0,0.371428683,1.83770818,1.83770818,0.938942879,1.3181902369999998,,,,,,,,Charles,True,False
48.0,6.0,0.310577241,2.045749487,2.045749487,0.838864388,1.9030881235,,,,,,,,Charles,True,False
48.0,6.0,0.254149463,2.253790662,2.253790662,0.723839435,2.453770146,,,,,,,,Charles,True,False
48.0,6.0,0.205197441,2.435862796,2.435862796,0.60643581,2.9234577759999993,,,,,,,,Charles,True,False
48.0,6.0,0.163316292,2.595207504,2.595207504,0.495421166,3.3237473530000003,,,,,,,,Charles,True,False
48.0,6.0,0.129203239,2.73466169,2.73466169,0.400298279,3.659771905,,,,,,,,Charles,True,False
48.0,6.0,0.098669752,2.85670831,2.85670831,0.31040742,3.953145106,,,,,,,,Charles,True,False
48.0,6.0,0.07021492,2.963520224,2.963520224,0.222786496,4.211750598,,,,,,,,Charles,True,False
48.0,6.0,0.046341062,3.056999154,3.056999154,0.148266737,4.433335755000001,,,,,,,,Charles,True,False
48.0,6.0,0.029166638,3.138809443,3.138809443,0.094227009,4.6134554195,,,,,,,,Charles,True,False
