lr,la,rho*,T*,shear_viscosity,shear_viscosity_std,alpha,author_id
12.0,6.0,0.79073,0.7019000000000001,2.2485,0.046948680000000007,0.8888888888888888,Lautenschlaeger 2019
12.0,6.0,0.8101100000000001,0.70216,2.5524,0.040366205999999995,0.8888888888888888,Lautenschlaeger 2019
12.0,6.0,0.8293600000000001,0.7023100000000001,2.9939,0.0595337015,0.8888888888888888,Lautenschlaeger 2019
12.0,6.0,0.8493900000000001,0.7026800000000001,3.4894,0.048111847199999995,0.8888888888888888,Lautenschlaeger 2019
12.0,6.0,0.8701500000000001,0.70311,4.1924,0.0627350736,0.8888888888888888,Lautenschlaeger 2019
12.0,6.0,0.8899,0.7034400000000001,5.0763,0.067717842,0.8888888888888888,Lautenschlaeger 2019
12.0,6.0,0.84643,0.7245800000000001,3.3274,0.056040070799999994,0.8888888888888888,Lautenschlaeger 2019
12.0,6.0,0.76063,0.75172,1.7793,0.0339597198,0.8888888888888888,Lautenschlaeger 2019
12.0,6.0,0.7803800000000001,0.7518800000000001,2.0278,0.0349471052,0.8888888888888888,Lautenschlaeger 2019
12.0,6.0,0.7999900000000001,0.7518600000000001,2.3104,0.058996063999999994,0.8888888888888888,Lautenschlaeger 2019
12.0,6.0,0.8203100000000001,0.75229,2.6944,0.047871404799999996,0.8888888888888888,Lautenschlaeger 2019
12.0,6.0,0.8399200000000001,0.7523000000000001,3.1076,0.0476115396,0.8888888888888888,Lautenschlaeger 2019
12.0,6.0,0.86053,0.75268,3.6438,0.0454272546,0.8888888888888888,Lautenschlaeger 2019
12.0,6.0,0.87999,0.753,4.3538,0.05475774259999999,0.8888888888888888,Lautenschlaeger 2019
12.0,6.0,0.7307600000000001,0.80166,1.4914,0.0429180178,0.8888888888888888,Lautenschlaeger 2019
12.0,6.0,0.75043,0.8015800000000001,1.6402999999999999,0.048424936599999996,0.8888888888888888,Lautenschlaeger 2019
12.0,6.0,0.7702600000000001,0.80195,1.8691,0.0406753542,0.8888888888888888,Lautenschlaeger 2019
12.0,6.0,0.7900800000000001,0.8019600000000001,2.1173,0.0287508167,0.8888888888888888,Lautenschlaeger 2019
12.0,6.0,0.8104,0.80225,2.4335,0.07501263749999999,0.8888888888888888,Lautenschlaeger 2019
12.0,6.0,0.82972,0.8022800000000001,2.7849,0.0336638712,0.8888888888888888,Lautenschlaeger 2019
12.0,6.0,0.8501200000000001,0.8026200000000001,3.2289,0.036906327,0.8888888888888888,Lautenschlaeger 2019
12.0,6.0,0.8706600000000001,0.80261,3.7832,0.0528815696,0.8888888888888888,Lautenschlaeger 2019
12.0,6.0,0.8896100000000001,0.803,4.4801,0.048810689500000004,0.8888888888888888,Lautenschlaeger 2019
12.0,6.0,0.9029200000000001,0.8034500000000001,5.0191,0.08666479969999999,0.8888888888888888,Lautenschlaeger 2019
12.0,6.0,0.70016,0.85143,1.2599,0.0270072164,0.8888888888888888,Lautenschlaeger 2019
12.0,6.0,0.7202700000000001,0.85138,1.3876,0.0304952852,0.8888888888888888,Lautenschlaeger 2019
12.0,6.0,0.74045,0.85155,1.5514000000000001,0.0300304498,0.8888888888888888,Lautenschlaeger 2019
12.0,6.0,0.76034,0.85167,1.7273,0.048412764399999995,0.8888888888888888,Lautenschlaeger 2019
12.0,6.0,0.77988,0.85177,1.9586000000000001,0.0249662742,0.8888888888888888,Lautenschlaeger 2019
12.0,6.0,0.8003500000000001,0.85204,2.231,0.05490937199999999,0.8888888888888888,Lautenschlaeger 2019
12.0,6.0,0.8201700000000001,0.8520500000000001,2.5381,0.0433126765,0.8888888888888888,Lautenschlaeger 2019
12.0,6.0,0.8396300000000001,0.8523100000000001,2.9138,0.05611978800000001,0.8888888888888888,Lautenschlaeger 2019
12.0,6.0,0.8600300000000001,0.8523400000000001,3.372,0.058561524,0.8888888888888888,Lautenschlaeger 2019
12.0,6.0,0.87999,0.85274,3.9796,0.0511497988,0.8888888888888888,Lautenschlaeger 2019
12.0,6.0,0.6603,0.90119,1.0256,0.0246061952,0.8888888888888888,Lautenschlaeger 2019
12.0,6.0,0.67998,0.9010300000000001,1.1442,0.0308956884,0.8888888888888888,Lautenschlaeger 2019
12.0,6.0,0.70016,0.9012,1.2546,0.03640096439999999,0.8888888888888888,Lautenschlaeger 2019
12.0,6.0,0.7197600000000001,0.9011100000000001,1.3822,0.028060042200000003,0.8888888888888888,Lautenschlaeger 2019
12.0,6.0,0.7399500000000001,0.9015900000000001,1.5253,0.038602292399999995,0.8888888888888888,Lautenschlaeger 2019
12.0,6.0,0.7596900000000001,0.90122,1.7178,0.0251331318,0.8888888888888888,Lautenschlaeger 2019
12.0,6.0,0.7801600000000001,0.9016200000000001,1.9471,0.0362141129,0.8888888888888888,Lautenschlaeger 2019
12.0,6.0,0.7999100000000001,0.90197,2.1702,0.0423796656,0.8888888888888888,Lautenschlaeger 2019
12.0,6.0,0.81988,0.9020800000000001,2.4828,0.0387242316,0.8888888888888888,Lautenschlaeger 2019
12.0,6.0,0.84035,0.9021100000000001,2.8524000000000003,0.039035094,0.8888888888888888,Lautenschlaeger 2019
12.0,6.0,0.8598100000000001,0.9026600000000001,3.2503,0.046739314000000004,0.8888888888888888,Lautenschlaeger 2019
12.0,6.0,0.8800600000000001,0.9025900000000001,3.8040000000000003,0.046850064,0.8888888888888888,Lautenschlaeger 2019
12.0,6.0,0.9029200000000001,0.90297,4.5791,0.0480164426,0.8888888888888888,Lautenschlaeger 2019
12.0,6.0,0.9970300000000001,0.9053700000000001,11.532,0.105581226,0.8888888888888888,Lautenschlaeger 2019
12.0,6.0,0.63021,0.9512200000000001,0.9131,0.07058445619999999,0.8888888888888888,Lautenschlaeger 2019
12.0,6.0,0.65032,0.9515,0.97433,0.05680831065,0.8888888888888888,Lautenschlaeger 2019
12.0,6.0,0.6702800000000001,0.9516,1.0781,0.037302260000000004,0.8888888888888888,Lautenschlaeger 2019
12.0,6.0,0.69047,0.9514100000000001,1.1946,0.0375271644,0.8888888888888888,Lautenschlaeger 2019
12.0,6.0,0.7101400000000001,0.9519400000000001,1.3012000000000001,0.0342814152,0.8888888888888888,Lautenschlaeger 2019
12.0,6.0,0.72982,0.95157,1.4646,0.026406738,0.8888888888888888,Lautenschlaeger 2019
12.0,6.0,0.75007,0.9514600000000001,1.6395,0.058231761,0.8888888888888888,Lautenschlaeger 2019
12.0,6.0,0.7696000000000001,0.9520900000000001,1.7916,0.0456445932,0.8888888888888888,Lautenschlaeger 2019
12.0,6.0,0.79,0.9519900000000001,2.0285,0.0427465805,0.8888888888888888,Lautenschlaeger 2019
12.0,6.0,0.8102600000000001,0.9522800000000001,2.2893,0.036960748499999994,0.8888888888888888,Lautenschlaeger 2019
12.0,6.0,0.8299300000000001,0.9523,2.6076,0.0348427512,0.8888888888888888,Lautenschlaeger 2019
12.0,6.0,0.8499,0.95213,2.9634,0.050854907399999996,0.8888888888888888,Lautenschlaeger 2019
12.0,6.0,0.86972,0.9527700000000001,3.4012000000000002,0.0471882488,0.8888888888888888,Lautenschlaeger 2019
12.0,6.0,0.8898300000000001,0.9526,3.9431000000000003,0.0528414831,0.8888888888888888,Lautenschlaeger 2019
12.0,6.0,0.58015,1.0013,0.75026,0.01959829172,0.8888888888888888,Lautenschlaeger 2019
12.0,6.0,0.60026,0.9931700000000001,0.8369000000000001,0.0384421646,0.8888888888888888,Lautenschlaeger 2019
12.0,6.0,0.61965,1.0011,0.8888800000000001,0.020741125920000002,0.8888888888888888,Lautenschlaeger 2019
12.0,6.0,0.63968,1.0013,0.9441900000000001,0.02075518458,0.8888888888888888,Lautenschlaeger 2019
12.0,6.0,0.6601600000000001,1.0013,1.0359,0.0249372207,0.8888888888888888,Lautenschlaeger 2019
12.0,6.0,0.67998,1.0018,1.1375,0.038888849999999996,0.8888888888888888,Lautenschlaeger 2019
12.0,6.0,0.70023,0.99765,1.254,0.042612173999999996,0.8888888888888888,Lautenschlaeger 2019
12.0,6.0,0.7201200000000001,1.0021,1.3716,0.030035296799999996,0.8888888888888888,Lautenschlaeger 2019
12.0,6.0,0.74009,1.002,1.5088,0.05672484479999999,0.8888888888888888,Lautenschlaeger 2019
12.0,6.0,0.7599100000000001,1.0018,1.6792,0.0378861104,0.8888888888888888,Lautenschlaeger 2019
12.0,6.0,0.78002,1.0017,1.8881000000000001,0.038498359,0.8888888888888888,Lautenschlaeger 2019
12.0,6.0,0.8003500000000001,1.0,2.1077,0.046297738199999994,0.8888888888888888,Lautenschlaeger 2019
12.0,6.0,0.8203100000000001,1.0021,2.3957,0.05213522340000001,0.8888888888888888,Lautenschlaeger 2019
12.0,6.0,0.83999,1.0022,2.6953,0.0423027335,0.8888888888888888,Lautenschlaeger 2019
12.0,6.0,0.8599500000000001,1.0022,3.089,0.039736895999999994,0.8888888888888888,Lautenschlaeger 2019
12.0,6.0,0.87999,1.0026,3.5763,0.0791935872,0.8888888888888888,Lautenschlaeger 2019
12.0,6.0,0.9029200000000001,1.0017,4.2812,0.1249339784,0.8888888888888888,Lautenschlaeger 2019
12.0,6.0,0.9970300000000001,1.0044,9.9663,0.24190203359999998,0.8888888888888888,Lautenschlaeger 2019
12.0,6.0,0.20134000000000002,1.1005,0.19117,0.00544299224,0.8888888888888888,Lautenschlaeger 2019
12.0,6.0,0.29952,1.0977999999999999,0.27711,0.01639576737,0.8888888888888888,Lautenschlaeger 2019
12.0,6.0,0.39959000000000006,1.1003,0.40062000000000003,0.023820865200000003,0.8888888888888888,Lautenschlaeger 2019
12.0,6.0,0.5059600000000001,1.1017,0.5694600000000001,0.012497369160000002,0.8888888888888888,Lautenschlaeger 2019
12.0,6.0,0.60026,1.1014,0.79217,0.05222222291,0.8888888888888888,Lautenschlaeger 2019
12.0,6.0,0.70023,1.102,1.2536,0.0241907192,0.8888888888888888,Lautenschlaeger 2019
12.0,6.0,0.8003500000000001,1.1022,2.0721,0.04122442949999999,0.8888888888888888,Lautenschlaeger 2019
12.0,6.0,0.87999,1.1026,3.3952,0.0484800608,0.8888888888888888,Lautenschlaeger 2019
12.0,6.0,0.60026,1.2017,0.81,0.027554580000000002,0.8888888888888888,Lautenschlaeger 2019
12.0,6.0,0.70023,1.2015,1.2538,0.024405217,0.8888888888888888,Lautenschlaeger 2019
12.0,6.0,0.8003500000000001,1.2019,2.0358,0.041672826,0.8888888888888888,Lautenschlaeger 2019
12.0,6.0,0.87999,1.2025000000000001,3.2676,0.0422369976,0.8888888888888888,Lautenschlaeger 2019
12.0,6.0,0.60026,1.302,0.8334400000000001,0.040843560640000005,0.8888888888888888,Lautenschlaeger 2019
12.0,6.0,0.70023,1.3019,1.2495,0.048775482,0.8888888888888888,Lautenschlaeger 2019
12.0,6.0,0.8003500000000001,1.3018,1.9988000000000001,0.0424824952,0.8888888888888888,Lautenschlaeger 2019
12.0,6.0,0.87999,1.3022,3.134,0.047122823999999994,0.8888888888888888,Lautenschlaeger 2019
12.0,6.0,0.60026,1.4015,0.8342900000000001,0.027657547790000004,0.8888888888888888,Lautenschlaeger 2019
12.0,6.0,0.70023,1.4023,1.2521,0.052362822,0.8888888888888888,Lautenschlaeger 2019
12.0,6.0,0.8003500000000001,1.4021,1.9803000000000002,0.0346512894,0.8888888888888888,Lautenschlaeger 2019
12.0,6.0,0.87999,1.4023,3.0423,0.0622028658,0.8888888888888888,Lautenschlaeger 2019
12.0,6.0,0.20134000000000002,1.4727000000000001,0.23495000000000002,0.00691716295,0.8888888888888888,Lautenschlaeger 2019
12.0,6.0,0.29952,1.4682,0.31149000000000004,0.024489032310000002,0.8888888888888888,Lautenschlaeger 2019
12.0,6.0,0.39959000000000006,1.4739,0.42414,0.027035956019999998,0.8888888888888888,Lautenschlaeger 2019
12.0,6.0,0.5059600000000001,1.4814,0.60541,0.023558924739999997,0.8888888888888888,Lautenschlaeger 2019
12.0,6.0,0.60026,1.4868999999999999,0.8479800000000001,0.04223618784,0.8888888888888888,Lautenschlaeger 2019
12.0,6.0,0.70023,1.4907,1.2528000000000001,0.050390121600000004,0.8888888888888888,Lautenschlaeger 2019
12.0,6.0,0.8003500000000001,1.4948000000000001,1.9785,0.086428794,0.8888888888888888,Lautenschlaeger 2019
12.0,6.0,0.9029200000000001,1.4977,3.415,0.13955739,0.8888888888888888,Lautenschlaeger 2019
12.0,6.0,0.9970300000000001,1.5007000000000001,6.4561,0.1915395748,0.8888888888888888,Lautenschlaeger 2019
12.0,6.0,0.60026,1.7527,0.8456800000000001,0.033770539440000004,0.8888888888888888,Lautenschlaeger 2019
12.0,6.0,0.70023,1.7524000000000002,1.2642,0.0345417366,0.8888888888888888,Lautenschlaeger 2019
12.0,6.0,0.8003500000000001,1.7525,1.9445999999999999,0.04500582239999999,0.8888888888888888,Lautenschlaeger 2019
12.0,6.0,0.87999,1.7524000000000002,2.8449999999999998,0.054703659999999994,0.8888888888888888,Lautenschlaeger 2019
12.0,6.0,0.20134000000000002,1.9955,0.29347,0.013278930559999999,0.8888888888888888,Lautenschlaeger 2019
12.0,6.0,0.29952,1.9928,0.37770000000000004,0.0098991393,0.8888888888888888,Lautenschlaeger 2019
12.0,6.0,0.39959000000000006,1.9928,0.47436000000000006,0.013002207600000003,0.8888888888888888,Lautenschlaeger 2019
12.0,6.0,0.5059600000000001,1.9933,0.6712400000000001,0.01871551368,0.8888888888888888,Lautenschlaeger 2019
12.0,6.0,0.60026,1.9948000000000001,0.9010900000000001,0.036863591900000006,0.8888888888888888,Lautenschlaeger 2019
12.0,6.0,0.70023,1.9956,1.279,0.050407947999999994,0.8888888888888888,Lautenschlaeger 2019
12.0,6.0,0.8003500000000001,1.9967000000000001,1.9031,0.0797132466,0.8888888888888888,Lautenschlaeger 2019
12.0,6.0,0.9029200000000001,1.9989,3.0702,0.0738413802,0.8888888888888888,Lautenschlaeger 2019
12.0,6.0,0.9970300000000001,2.0003,5.1466,0.11864456980000002,0.8888888888888888,Lautenschlaeger 2019
12.0,6.0,1.0995,2.0032,10.572,0.25011237599999997,0.8888888888888888,Lautenschlaeger 2019
12.0,6.0,0.60026,2.5015,0.9260800000000001,0.03268877184,0.8888888888888888,Lautenschlaeger 2019
12.0,6.0,0.70023,2.5024,1.2953000000000001,0.05944908880000001,0.8888888888888888,Lautenschlaeger 2019
12.0,6.0,0.8003500000000001,2.5028,1.8966,0.0704226546,0.8888888888888888,Lautenschlaeger 2019
12.0,6.0,0.87999,2.503,2.6138,0.052736028799999994,0.8888888888888888,Lautenschlaeger 2019
12.0,6.0,0.9029200000000001,2.5019,2.9383,0.0724849227,0.8888888888888888,Lautenschlaeger 2019
12.0,6.0,0.9970300000000001,2.5029,4.6742,0.056698046,0.8888888888888888,Lautenschlaeger 2019
12.0,6.0,1.0995,2.5033,8.4055,0.1076660495,0.8888888888888888,Lautenschlaeger 2019
12.0,6.0,1.1954,2.5046,17.323,0.1501990715,0.8888888888888888,Lautenschlaeger 2019
12.0,6.0,0.20134000000000002,3.0022,0.38399000000000005,0.019925625090000003,0.8888888888888888,Lautenschlaeger 2019
12.0,6.0,0.29952,2.9984,0.46912000000000004,0.014302999680000001,0.8888888888888888,Lautenschlaeger 2019
12.0,6.0,0.39959000000000006,2.9996,0.57371,0.020379326620000002,0.8888888888888888,Lautenschlaeger 2019
12.0,6.0,0.5059600000000001,3.0003,0.7266400000000001,0.04251715968,0.8888888888888888,Lautenschlaeger 2019
12.0,6.0,0.60026,2.9987,0.9867300000000001,0.03288179052,0.8888888888888888,Lautenschlaeger 2019
12.0,6.0,0.70023,2.9987,1.3169,0.067807181,0.8888888888888888,Lautenschlaeger 2019
12.0,6.0,0.8003500000000001,2.9999000000000002,1.8961999999999999,0.06644664039999999,0.8888888888888888,Lautenschlaeger 2019
12.0,6.0,0.9029200000000001,2.9998,2.8279,0.0975936569,0.8888888888888888,Lautenschlaeger 2019
12.0,6.0,0.9970300000000001,3.0007,4.3404,0.080319102,0.8888888888888888,Lautenschlaeger 2019
12.0,6.0,1.0995,3.0024,7.3483,0.11133409329999999,0.8888888888888888,Lautenschlaeger 2019
12.0,6.0,1.1954,3.0033,13.509,0.28916014500000004,0.8888888888888888,Lautenschlaeger 2019
12.0,6.0,0.20134000000000002,4.003,0.44633000000000006,0.029635419340000003,0.8888888888888888,Lautenschlaeger 2019
12.0,6.0,0.29952,4.0023,0.5356500000000001,0.039380452350000004,0.8888888888888888,Lautenschlaeger 2019
12.0,6.0,0.39959000000000006,4.003,0.6454200000000001,0.03466808988,0.8888888888888888,Lautenschlaeger 2019
12.0,6.0,0.5059600000000001,4.0016,0.8085500000000001,0.0486229628,0.8888888888888888,Lautenschlaeger 2019
12.0,6.0,0.60026,4.0017,1.0405,0.048680833,0.8888888888888888,Lautenschlaeger 2019
12.0,6.0,0.70023,4.0018,1.3565,0.0493671045,0.8888888888888888,Lautenschlaeger 2019
12.0,6.0,0.8003500000000001,4.0012,1.9025,0.056804845,0.8888888888888888,Lautenschlaeger 2019
12.0,6.0,0.9029200000000001,4.0014,2.7506,0.0685146954,0.8888888888888888,Lautenschlaeger 2019
12.0,6.0,0.9970300000000001,4.0022,3.968,0.08348672000000001,0.8888888888888888,Lautenschlaeger 2019
12.0,6.0,1.0995,4.0025,6.2336,0.12958407679999998,0.8888888888888888,Lautenschlaeger 2019
12.0,6.0,1.1954,4.002,10.235,0.13761980999999998,0.8888888888888888,Lautenschlaeger 2019
12.0,6.0,0.20134000000000002,6.0075,0.55495,0.0127460916,0.8888888888888888,Lautenschlaeger 2019
12.0,6.0,0.29952,6.0066,0.62912,0.02409466688,0.8888888888888888,Lautenschlaeger 2019
12.0,6.0,0.39959000000000006,6.0043,0.7631100000000001,0.045092169900000006,0.8888888888888888,Lautenschlaeger 2019
12.0,6.0,0.5059600000000001,6.0034,0.9456100000000001,0.03734213890000001,0.8888888888888888,Lautenschlaeger 2019
12.0,6.0,0.60026,6.0044,1.1287,0.0485465157,0.8888888888888888,Lautenschlaeger 2019
12.0,6.0,0.70023,6.0026,1.4366,0.0675288196,0.8888888888888888,Lautenschlaeger 2019
12.0,6.0,0.8003500000000001,6.0049,1.9396,0.0564792124,0.8888888888888888,Lautenschlaeger 2019
12.0,6.0,0.9029200000000001,6.0015,2.7438000000000002,0.143459583,0.8888888888888888,Lautenschlaeger 2019
12.0,6.0,0.9970300000000001,6.0012,3.6851000000000003,0.1046605251,0.8888888888888888,Lautenschlaeger 2019
12.0,6.0,1.0995,6.0023,5.418,0.093872268,0.8888888888888888,Lautenschlaeger 2019
12.0,6.0,1.1954,6.0029,7.8572,0.13671528000000002,0.8888888888888888,Lautenschlaeger 2019
12.0,6.0,0.20134000000000002,8.0066,0.666,0.018996983999999998,0.8888888888888888,Lautenschlaeger 2019
12.0,6.0,0.29952,8.005,0.7766000000000001,0.0439229428,0.8888888888888888,Lautenschlaeger 2019
12.0,6.0,0.39959000000000006,8.0079,0.8623400000000001,0.03909763326,0.8888888888888888,Lautenschlaeger 2019
12.0,6.0,0.5059600000000001,8.0049,1.0596,0.0393048024,0.8888888888888888,Lautenschlaeger 2019
12.0,6.0,0.60026,8.0063,1.3625,0.0573231,0.8888888888888888,Lautenschlaeger 2019
12.0,6.0,0.70023,8.0048,1.5672000000000001,0.1155214464,0.8888888888888888,Lautenschlaeger 2019
12.0,6.0,0.8003500000000001,8.0017,2.1353,0.0735888439,0.8888888888888888,Lautenschlaeger 2019
12.0,6.0,0.9029200000000001,8.0035,2.7672,0.08502222,0.8888888888888888,Lautenschlaeger 2019
12.0,6.0,0.9970300000000001,8.0038,3.6215,0.09363750400000001,0.8888888888888888,Lautenschlaeger 2019
12.0,6.0,1.0995,8.0036,4.9766,0.1588928848,0.8888888888888888,Lautenschlaeger 2019
12.0,6.0,1.1954,8.0035,7.0604,0.1816358504,0.8888888888888888,Lautenschlaeger 2019
12.0,6.0,0.20134000000000002,10.006,0.76595,0.015309808599999999,0.8888888888888888,Lautenschlaeger 2019
12.0,6.0,0.29952,10.005,0.86109,0.044381439689999996,0.8888888888888888,Lautenschlaeger 2019
12.0,6.0,0.39959000000000006,10.005,0.9384500000000001,0.05739466355,0.8888888888888888,Lautenschlaeger 2019
12.0,6.0,0.5059600000000001,10.006,1.1639,0.0444248991,0.8888888888888888,Lautenschlaeger 2019
12.0,6.0,0.60026,10.005,1.3753,0.1090324087,0.8888888888888888,Lautenschlaeger 2019
12.0,6.0,0.70023,10.01,1.6644999999999999,0.08625439,0.8888888888888888,Lautenschlaeger 2019
12.0,6.0,0.8003500000000001,10.008,2.1987,0.09763107480000001,0.8888888888888888,Lautenschlaeger 2019
12.0,6.0,0.9029200000000001,10.004,2.7661,0.09931682049999999,0.8888888888888888,Lautenschlaeger 2019
12.0,6.0,0.9970300000000001,10.004,3.6227,0.1377821491,0.8888888888888888,Lautenschlaeger 2019
12.0,6.0,1.0995,10.004,4.8992,0.14800483200000003,0.8888888888888888,Lautenschlaeger 2019
12.0,6.0,1.1954,10.003,6.6735,0.1804180725,0.8888888888888888,Lautenschlaeger 2019
12.0,6.0,0.781,0.664,2.037,,0.8888888888888888,Borgelt 1990
12.0,6.0,0.842,0.674,2.8449999999999998,,0.8888888888888888,Borgelt 1990
12.0,6.0,0.844,0.722,3.345,,0.8888888888888888,Borgelt 1990
12.0,6.0,0.844,0.73,3.03,,0.8888888888888888,Borgelt 1990
12.0,6.0,0.844,0.73,3.19,,0.8888888888888888,Borgelt 1990
12.0,6.0,0.844,0.73,3.189,,0.8888888888888888,Borgelt 1990
12.0,6.0,0.842,0.761,2.8120000000000003,,0.8888888888888888,Borgelt 1990
12.0,6.0,0.842,0.82,2.591,,0.8888888888888888,Borgelt 1990
12.0,6.0,0.884,0.8310000000000001,3.399,,0.8888888888888888,Borgelt 1990
12.0,6.0,0.842,0.839,2.9779999999999998,,0.8888888888888888,Borgelt 1990
12.0,6.0,0.781,0.848,1.96,,0.8888888888888888,Borgelt 1990
12.0,6.0,0.781,0.854,1.86,,0.8888888888888888,Borgelt 1990
12.0,6.0,0.884,0.879,3.598,,0.8888888888888888,Borgelt 1990
12.0,6.0,0.884,0.9590000000000001,3.078,,0.8888888888888888,Borgelt 1990
12.0,6.0,0.842,0.997,2.701,,0.8888888888888888,Borgelt 1990
12.0,6.0,0.884,1.008,2.8449999999999998,,0.8888888888888888,Borgelt 1990
12.0,6.0,0.842,1.029,2.602,,0.8888888888888888,Borgelt 1990
12.0,6.0,0.781,1.038,1.915,,0.8888888888888888,Borgelt 1990
12.0,6.0,0.884,1.059,3.609,,0.8888888888888888,Borgelt 1990
12.0,6.0,0.781,1.098,1.783,,0.8888888888888888,Borgelt 1990
12.0,6.0,0.842,1.172,2.469,,0.8888888888888888,Borgelt 1990
12.0,6.0,0.884,1.179,3.2880000000000003,,0.8888888888888888,Borgelt 1990
12.0,6.0,0.781,1.199,1.639,,0.8888888888888888,Borgelt 1990
12.0,6.0,0.884,1.205,2.8120000000000003,,0.8888888888888888,Borgelt 1990
12.0,6.0,0.842,1.306,2.391,,0.8888888888888888,Borgelt 1990
12.0,6.0,0.781,1.329,1.694,,0.8888888888888888,Borgelt 1990
12.0,6.0,0.884,1.334,2.768,,0.8888888888888888,Borgelt 1990
12.0,6.0,0.884,1.376,3.266,,0.8888888888888888,Borgelt 1990
12.0,6.0,0.842,1.492,2.502,,0.8888888888888888,Borgelt 1990
12.0,6.0,0.781,1.5150000000000001,1.771,,0.8888888888888888,Borgelt 1990
12.0,6.0,0.884,1.517,2.558,,0.8888888888888888,Borgelt 1990
12.0,6.0,0.781,1.6320000000000001,1.194,,0.8888888888888888,Borgelt 1990
12.0,6.0,0.842,1.697,2.292,,0.8888888888888888,Borgelt 1990
12.0,6.0,0.884,1.725,2.735,,0.8888888888888888,Borgelt 1990
12.0,6.0,0.884,1.8210000000000002,2.701,,0.8888888888888888,Borgelt 1990
12.0,6.0,0.781,1.85,1.694,,0.8888888888888888,Borgelt 1990
12.0,6.0,0.842,1.876,2.248,,0.8888888888888888,Borgelt 1990
12.0,6.0,0.884,1.9849999999999999,2.69,,0.8888888888888888,Borgelt 1990
12.0,6.0,0.842,2.054,2.203,,0.8888888888888888,Borgelt 1990
12.0,6.0,0.781,2.13,1.583,,0.8888888888888888,Borgelt 1990
12.0,6.0,0.842,2.218,2.292,,0.8888888888888888,Borgelt 1990
12.0,6.0,0.781,2.295,1.6280000000000001,,0.8888888888888888,Borgelt 1990
12.0,6.0,0.844,2.37,2.13,,0.8888888888888888,Borgelt 1990
12.0,6.0,0.842,2.398,2.115,,0.8888888888888888,Borgelt 1990
12.0,6.0,0.842,2.484,2.314,,0.8888888888888888,Borgelt 1990
12.0,6.0,0.884,2.537,2.635,,0.8888888888888888,Borgelt 1990
12.0,6.0,0.781,2.715,1.7389999999999999,,0.8888888888888888,Borgelt 1990
12.0,6.0,0.85,0.6000000000000001,4.035,,0.8888888888888888,Galliero 2005
12.0,6.0,0.9,0.6000000000000001,6.495,,0.8888888888888888,Galliero 2005
12.0,6.0,0.8,0.7,2.307,,0.8888888888888888,Galliero 2005
12.0,6.0,0.85,0.7,3.432,,0.8888888888888888,Galliero 2005
12.0,6.0,0.9,0.7,5.36,,0.8888888888888888,Galliero 2005
12.0,6.0,0.95,0.7,10.3,,0.8888888888888888,Galliero 2005
12.0,6.0,0.8,0.8,2.223,,0.8888888888888888,Galliero 2005
12.0,6.0,0.85,0.8,3.12,,0.8888888888888888,Galliero 2005
12.0,6.0,0.9,0.8,4.802,,0.8888888888888888,Galliero 2005
12.0,6.0,0.95,0.8,8.457,,0.8888888888888888,Galliero 2005
12.0,6.0,0.8,0.9,2.085,,0.8888888888888888,Galliero 2005
12.0,6.0,0.85,0.9,2.927,,0.8888888888888888,Galliero 2005
12.0,6.0,0.9,0.9,4.476,,0.8888888888888888,Galliero 2005
12.0,6.0,0.95,0.9,7.107,,0.8888888888888888,Galliero 2005
12.0,6.0,1.0,0.9,12.9,,0.8888888888888888,Galliero 2005
12.0,6.0,0.7,1.0,1.228,,0.8888888888888888,Galliero 2005
12.0,6.0,0.778,1.0,1.776,,0.8888888888888888,Galliero 2005
12.0,6.0,0.8,1.0,2.061,,0.8888888888888888,Galliero 2005
12.0,6.0,0.85,1.0,2.807,,0.8888888888888888,Galliero 2005
12.0,6.0,0.9,1.0,3.997,,0.8888888888888888,Galliero 2005
12.0,6.0,0.9,1.0,4.157,,0.8888888888888888,Galliero 2005
12.0,6.0,0.919,1.0,4.819,,0.8888888888888888,Galliero 2005
12.0,6.0,0.95,1.0,6.174,,0.8888888888888888,Galliero 2005
12.0,6.0,1.0,1.0,11.1,,0.8888888888888888,Galliero 2005
12.0,6.0,0.95,1.2,5.3,,0.8888888888888888,Galliero 2005
12.0,6.0,1.0,1.2,8.63,,0.8888888888888888,Galliero 2005
12.0,6.0,0.636,1.25,0.915,,0.8888888888888888,Galliero 2005
12.0,6.0,0.778,1.25,1.698,,0.8888888888888888,Galliero 2005
12.0,6.0,0.919,1.25,4.123,,0.8888888888888888,Galliero 2005
12.0,6.0,0.212,1.5,0.244,,0.8888888888888888,Galliero 2005
12.0,6.0,0.30000000000000004,1.5,0.321,,0.8888888888888888,Galliero 2005
12.0,6.0,0.354,1.5,0.366,,0.8888888888888888,Galliero 2005
12.0,6.0,0.4,1.5,0.41400000000000003,,0.8888888888888888,Galliero 2005
12.0,6.0,0.495,1.5,0.578,,0.8888888888888888,Galliero 2005
12.0,6.0,0.5,1.5,0.586,,0.8888888888888888,Galliero 2005
12.0,6.0,0.6000000000000001,1.5,0.835,,0.8888888888888888,Galliero 2005
12.0,6.0,0.636,1.5,0.934,,0.8888888888888888,Galliero 2005
12.0,6.0,0.7,1.5,1.221,,0.8888888888888888,Galliero 2005
12.0,6.0,0.778,1.5,1.738,,0.8888888888888888,Galliero 2005
12.0,6.0,0.8,1.5,1.8780000000000001,,0.8888888888888888,Galliero 2005
12.0,6.0,0.9,1.5,3.197,,0.8888888888888888,Galliero 2005
12.0,6.0,0.919,1.5,3.564,,0.8888888888888888,Galliero 2005
12.0,6.0,1.0,1.5,6.74,,0.8888888888888888,Galliero 2005
12.0,6.0,0.212,1.75,0.274,,0.8888888888888888,Galliero 2005
12.0,6.0,0.354,1.75,0.39,,0.8888888888888888,Galliero 2005
12.0,6.0,0.495,1.75,0.602,,0.8888888888888888,Galliero 2005
12.0,6.0,0.636,1.75,0.9570000000000001,,0.8888888888888888,Galliero 2005
12.0,6.0,0.778,1.75,1.701,,0.8888888888888888,Galliero 2005
12.0,6.0,0.919,1.75,3.46,,0.8888888888888888,Galliero 2005
12.0,6.0,0.212,2.0,0.299,,0.8888888888888888,Galliero 2005
12.0,6.0,0.30000000000000004,2.0,0.362,,0.8888888888888888,Galliero 2005
12.0,6.0,0.354,2.0,0.418,,0.8888888888888888,Galliero 2005
12.0,6.0,0.495,2.0,0.625,,0.8888888888888888,Galliero 2005
12.0,6.0,0.5,2.0,0.622,,0.8888888888888888,Galliero 2005
12.0,6.0,0.636,2.0,0.985,,0.8888888888888888,Galliero 2005
12.0,6.0,0.7,2.0,1.239,,0.8888888888888888,Galliero 2005
12.0,6.0,0.778,2.0,1.657,,0.8888888888888888,Galliero 2005
12.0,6.0,0.9,2.0,2.985,,0.8888888888888888,Galliero 2005
12.0,6.0,0.212,2.25,0.323,,0.8888888888888888,Galliero 2005
12.0,6.0,0.354,2.25,0.444,,0.8888888888888888,Galliero 2005
12.0,6.0,0.495,2.25,0.641,,0.8888888888888888,Galliero 2005
12.0,6.0,0.636,2.25,1.012,,0.8888888888888888,Galliero 2005
12.0,6.0,0.778,2.25,1.693,,0.8888888888888888,Galliero 2005
12.0,6.0,0.212,2.5,0.339,,0.8888888888888888,Galliero 2005
12.0,6.0,0.30000000000000004,2.5,0.402,,0.8888888888888888,Galliero 2005
12.0,6.0,0.354,2.5,0.466,,0.8888888888888888,Galliero 2005
12.0,6.0,0.495,2.5,0.671,,0.8888888888888888,Galliero 2005
12.0,6.0,0.5,2.5,0.671,,0.8888888888888888,Galliero 2005
12.0,6.0,0.636,2.5,1.051,,0.8888888888888888,Galliero 2005
12.0,6.0,0.7,2.5,1.2570000000000001,,0.8888888888888888,Galliero 2005
12.0,6.0,0.778,2.5,1.7109999999999999,,0.8888888888888888,Galliero 2005
12.0,6.0,0.9,2.5,2.7640000000000002,,0.8888888888888888,Galliero 2005
12.0,6.0,0.30000000000000004,4.0,0.511,,0.8888888888888888,Galliero 2005
12.0,6.0,0.4,4.0,0.625,,0.8888888888888888,Galliero 2005
12.0,6.0,0.5,4.0,0.794,,0.8888888888888888,Galliero 2005
12.0,6.0,0.6000000000000001,4.0,1.011,,0.8888888888888888,Galliero 2005
12.0,6.0,0.7,4.0,1.348,,0.8888888888888888,Galliero 2005
12.0,6.0,0.8,4.0,1.865,,0.8888888888888888,Galliero 2005
12.0,6.0,0.9,4.0,2.675,,0.8888888888888888,Galliero 2005
12.0,6.0,1.0,4.0,3.8529999999999998,,0.8888888888888888,Galliero 2005
12.0,6.0,0.801,0.937,2.03,,0.8888888888888888,Gosling 1973
12.0,6.0,0.731,1.005,1.42,,0.8888888888888888,Gosling 1973
12.0,6.0,0.625,1.162,0.66,,0.8888888888888888,Gosling 1973
12.0,6.0,0.835,0.72,3.05,,0.8888888888888888,Hammonds 1988
12.0,6.0,0.848,0.72,3.4,,0.8888888888888888,Hammonds 1988
12.0,6.0,0.884,0.72,4.8,,0.8888888888888888,Hammonds 1988
12.0,6.0,0.916,0.72,7.5,,0.8888888888888888,Hammonds 1988
12.0,6.0,0.679,1.06,1.1,,0.8888888888888888,Hammonds 1988
12.0,6.0,0.731,1.06,1.3,,0.8888888888888888,Hammonds 1988
12.0,6.0,0.8210000000000001,1.06,2.4,,0.8888888888888888,Hammonds 1988
12.0,6.0,0.88,1.06,3.3,,0.8888888888888888,Hammonds 1988
12.0,6.0,0.91,1.06,4.1,,0.8888888888888888,Hammonds 1988
12.0,6.0,0.4,1.35,0.37,,0.8888888888888888,Hammonds 1988
12.0,6.0,0.6000000000000001,1.35,0.84,,0.8888888888888888,Hammonds 1988
12.0,6.0,0.8,1.35,2.0,,0.8888888888888888,Hammonds 1988
12.0,6.0,0.86,1.35,2.7,,0.8888888888888888,Hammonds 1988
12.0,6.0,0.5708,1.4562,0.78,,0.8888888888888888,Hammonds 1988
12.0,6.0,0.6178,1.4562,0.89,,0.8888888888888888,Hammonds 1988
12.0,6.0,0.7636000000000001,1.4562,1.6,,0.8888888888888888,Hammonds 1988
12.0,6.0,0.863,1.4562,2.7,,0.8888888888888888,Hammonds 1988
12.0,6.0,0.6000000000000001,1.8627,0.88,,0.8888888888888888,Hammonds 1988
12.0,6.0,0.7,1.8627,1.2,,0.8888888888888888,Hammonds 1988
12.0,6.0,0.801,1.8627,2.0,,0.8888888888888888,Hammonds 1988
12.0,6.0,0.9248000000000001,1.8627,3.45,,0.8888888888888888,Hammonds 1988
12.0,6.0,1.0153,1.8627,6.4,,0.8888888888888888,Hammonds 1988
12.0,6.0,0.6000000000000001,2.0,0.85,,0.8888888888888888,Hammonds 1988
12.0,6.0,0.8,2.0,1.8,,0.8888888888888888,Hammonds 1988
12.0,6.0,0.5,2.5138,0.67,,0.8888888888888888,Hammonds 1988
12.0,6.0,0.6594,2.5138,1.1,,0.8888888888888888,Hammonds 1988
12.0,6.0,0.7195,2.5138,1.3,,0.8888888888888888,Hammonds 1988
12.0,6.0,0.8344,2.5138,2.1,,0.8888888888888888,Hammonds 1988
12.0,6.0,0.92,2.5138,3.2,,0.8888888888888888,Hammonds 1988
12.0,6.0,0.9986,2.5138,4.6,,0.8888888888888888,Hammonds 1988
12.0,6.0,1.0135,2.5138,5.0,,0.8888888888888888,Hammonds 1988
12.0,6.0,0.6374000000000001,2.6974,1.06,,0.8888888888888888,Hammonds 1988
12.0,6.0,0.6993,2.6974,1.2,,0.8888888888888888,Hammonds 1988
12.0,6.0,0.7469,2.6974,1.5,,0.8888888888888888,Hammonds 1988
12.0,6.0,0.8951,2.6974,2.8,,0.8888888888888888,Hammonds 1988
12.0,6.0,1.01,2.6974,4.5,,0.8888888888888888,Hammonds 1988
12.0,6.0,1.03,2.6974,5.2,,0.8888888888888888,Hammonds 1988
12.0,6.0,0.916,3.0,3.1,,0.8888888888888888,Hammonds 1988
12.0,6.0,0.6374000000000001,6.0,1.34,,0.8888888888888888,Hammonds 1988
12.0,6.0,0.8183,6.0,2.1,,0.8888888888888888,Hammonds 1988
12.0,6.0,0.8468,6.0,2.2,,0.8888888888888888,Hammonds 1988
12.0,6.0,0.8724000000000001,6.0,2.3,,0.8888888888888888,Hammonds 1988
12.0,6.0,0.97,6.0,3.5,,0.8888888888888888,Hammonds 1988
12.0,6.0,1.01,6.0,3.9,,0.8888888888888888,Hammonds 1988
12.0,6.0,1.06,6.0,4.3,,0.8888888888888888,Hammonds 1988
12.0,6.0,0.5,10.0,1.1,,0.8888888888888888,Hammonds 1988
12.0,6.0,0.6000000000000001,10.0,1.3,,0.8888888888888888,Hammonds 1988
12.0,6.0,0.7,10.0,1.7000000000000002,,0.8888888888888888,Hammonds 1988
12.0,6.0,0.8,10.0,2.0,,0.8888888888888888,Hammonds 1988
12.0,6.0,1.04,10.0,4.7,,0.8888888888888888,Hammonds 1988
12.0,6.0,1.18,10.0,6.2,,0.8888888888888888,Hammonds 1988
12.0,6.0,0.844,0.73,3.03,,0.8888888888888888,Heyes 1983
12.0,6.0,0.72,1.0,1.25,,0.8888888888888888,Heyes 1983
12.0,6.0,0.731,1.05,1.34,,0.8888888888888888,Heyes 1983
12.0,6.0,0.835,0.72,3.05,,0.8888888888888888,Heyes 1988
12.0,6.0,0.848,0.72,3.4,,0.8888888888888888,Heyes 1988
12.0,6.0,0.864,0.72,3.8,,0.8888888888888888,Heyes 1988
12.0,6.0,0.884,0.72,4.8,,0.8888888888888888,Heyes 1988
12.0,6.0,0.916,0.72,7.5,,0.8888888888888888,Heyes 1988
12.0,6.0,0.801,0.81,2.2,,0.8888888888888888,Heyes 1988
12.0,6.0,0.864,0.81,3.6,,0.8888888888888888,Heyes 1988
12.0,6.0,0.884,0.81,3.9,,0.8888888888888888,Heyes 1988
12.0,6.0,0.916,0.81,2.3,,0.8888888888888888,Heyes 1988
12.0,6.0,0.916,0.9,5.1,,0.8888888888888888,Heyes 1988
12.0,6.0,0.916,0.95,4.9,,0.8888888888888888,Heyes 1988
12.0,6.0,0.4,1.06,0.37,,0.8888888888888888,Heyes 1988
12.0,6.0,0.679,1.06,1.1,,0.8888888888888888,Heyes 1988
12.0,6.0,0.7,1.06,1.2,,0.8888888888888888,Heyes 1988
12.0,6.0,0.731,1.06,1.3,,0.8888888888888888,Heyes 1988
12.0,6.0,0.769,1.06,1.7000000000000002,,0.8888888888888888,Heyes 1988
12.0,6.0,0.8210000000000001,1.06,2.4,,0.8888888888888888,Heyes 1988
12.0,6.0,0.848,1.06,2.67,,0.8888888888888888,Heyes 1988
12.0,6.0,0.88,1.06,3.3,,0.8888888888888888,Heyes 1988
12.0,6.0,0.91,1.06,4.1,,0.8888888888888888,Heyes 1988
12.0,6.0,0.916,1.1,4.2,,0.8888888888888888,Heyes 1988
12.0,6.0,0.916,1.2,0.39,,0.8888888888888888,Heyes 1988
12.0,6.0,0.4,1.35,0.8,,0.8888888888888888,Heyes 1988
12.0,6.0,0.6000000000000001,1.35,1.2,,0.8888888888888888,Heyes 1988
12.0,6.0,0.7,1.35,1.9,,0.8888888888888888,Heyes 1988
12.0,6.0,0.8,1.35,2.7,,0.8888888888888888,Heyes 1988
12.0,6.0,0.86,1.35,3.2,,0.8888888888888888,Heyes 1988
12.0,6.0,0.9,1.35,3.6,,0.8888888888888888,Heyes 1988
12.0,6.0,0.916,1.4,3.7,,0.8888888888888888,Heyes 1988
12.0,6.0,0.30000000000000004,1.4562,0.30000000000000004,,0.8888888888888888,Heyes 1988
12.0,6.0,0.4,1.4562,0.48,,0.8888888888888888,Heyes 1988
12.0,6.0,0.5249,1.4562,0.64,,0.8888888888888888,Heyes 1988
12.0,6.0,0.5708,1.4562,0.78,,0.8888888888888888,Heyes 1988
12.0,6.0,0.6178,1.4562,0.89,,0.8888888888888888,Heyes 1988
12.0,6.0,0.7636000000000001,1.4562,1.6,,0.8888888888888888,Heyes 1988
12.0,6.0,0.863,1.4562,2.5,,0.8888888888888888,Heyes 1988
12.0,6.0,0.8969,1.4562,3.0,,0.8888888888888888,Heyes 1988
12.0,6.0,0.9112,1.4562,3.3,,0.8888888888888888,Heyes 1988
12.0,6.0,0.9380000000000001,1.4562,4.0,,0.8888888888888888,Heyes 1988
12.0,6.0,0.9618000000000001,1.4562,4.7,,0.8888888888888888,Heyes 1988
12.0,6.0,0.9832000000000001,1.4562,5.6,,0.8888888888888888,Heyes 1988
12.0,6.0,0.9933000000000001,1.4562,6.5,,0.8888888888888888,Heyes 1988
12.0,6.0,1.0017,1.4562,7.3,,0.8888888888888888,Heyes 1988
12.0,6.0,0.916,1.5,3.5,,0.8888888888888888,Heyes 1988
12.0,6.0,0.916,1.7000000000000002,3.3,,0.8888888888888888,Heyes 1988
12.0,6.0,0.2,1.8627,0.30000000000000004,,0.8888888888888888,Heyes 1988
12.0,6.0,0.30000000000000004,1.8627,0.35,,0.8888888888888888,Heyes 1988
12.0,6.0,0.4,1.8627,0.47,,0.8888888888888888,Heyes 1988
12.0,6.0,0.5,1.8627,0.61,,0.8888888888888888,Heyes 1988
12.0,6.0,0.6000000000000001,1.8627,0.88,,0.8888888888888888,Heyes 1988
12.0,6.0,0.7,1.8627,1.2,,0.8888888888888888,Heyes 1988
12.0,6.0,0.801,1.8627,2.0,,0.8888888888888888,Heyes 1988
12.0,6.0,0.8724000000000001,1.8627,2.7,,0.8888888888888888,Heyes 1988
12.0,6.0,0.9248000000000001,1.8627,3.45,,0.8888888888888888,Heyes 1988
12.0,6.0,0.9659000000000001,1.8627,4.3,,0.8888888888888888,Heyes 1988
12.0,6.0,1.0004,1.8627,5.35,,0.8888888888888888,Heyes 1988
12.0,6.0,1.0153,1.8627,6.4,,0.8888888888888888,Heyes 1988
12.0,6.0,1.0236,1.8627,7.0,,0.8888888888888888,Heyes 1988
12.0,6.0,1.029,1.8627,6.7,,0.8888888888888888,Heyes 1988
12.0,6.0,1.0367,1.8627,7.4,,0.8888888888888888,Heyes 1988
12.0,6.0,1.0391,1.8627,7.4,,0.8888888888888888,Heyes 1988
12.0,6.0,1.0438,1.8627,8.2,,0.8888888888888888,Heyes 1988
12.0,6.0,0.30000000000000004,1.9500000000000002,0.35,,0.8888888888888888,Heyes 1988
12.0,6.0,0.5,1.96,0.62,,0.8888888888888888,Heyes 1988
12.0,6.0,0.6000000000000001,2.0,0.85,,0.8888888888888888,Heyes 1988
12.0,6.0,0.8,2.0,1.8,,0.8888888888888888,Heyes 1988
12.0,6.0,1.04,2.0,6.3,,0.8888888888888888,Heyes 1988
12.0,6.0,0.916,2.1,3.2,,0.8888888888888888,Heyes 1988
12.0,6.0,0.916,2.3,3.3,,0.8888888888888888,Heyes 1988
12.0,6.0,0.30000000000000004,2.45,0.42,,0.8888888888888888,Heyes 1988
12.0,6.0,0.4,2.5138,0.42,,0.8888888888888888,Heyes 1988
12.0,6.0,0.5,2.5138,0.67,,0.8888888888888888,Heyes 1988
12.0,6.0,0.6594,2.29,1.1,,0.8888888888888888,Heyes 1988
12.0,6.0,0.7195,2.5138,1.3,,0.8888888888888888,Heyes 1988
12.0,6.0,0.7653000000000001,2.5138,1.6,,0.8888888888888888,Heyes 1988
12.0,6.0,0.8028000000000001,2.5138,1.8,,0.8888888888888888,Heyes 1988
12.0,6.0,0.8028000000000001,2.4964,2.0,,0.8888888888888888,Heyes 1988
12.0,6.0,0.8623000000000001,2.5138,2.4,,0.8888888888888888,Heyes 1988
12.0,6.0,0.8873000000000001,2.5138,2.6,,0.8888888888888888,Heyes 1988
12.0,6.0,0.9093,2.5138,3.0,,0.8888888888888888,Heyes 1988
12.0,6.0,0.9302,2.5008,3.1,,0.8888888888888888,Heyes 1988
12.0,6.0,0.9486,2.5138,3.5,,0.8888888888888888,Heyes 1988
12.0,6.0,0.9665,2.5138,3.95,,0.8888888888888888,Heyes 1988
12.0,6.0,0.9831000000000001,2.5138,4.4,,0.8888888888888888,Heyes 1988
12.0,6.0,0.9986,2.5138,4.6,,0.8888888888888888,Heyes 1988
12.0,6.0,1.0135,2.5138,5.2,,0.8888888888888888,Heyes 1988
12.0,6.0,1.0397,2.5138,5.95,,0.8888888888888888,Heyes 1988
12.0,6.0,0.30000000000000004,2.6974,0.53,,0.8888888888888888,Heyes 1988
12.0,6.0,0.4,2.6974,0.66,,0.8888888888888888,Heyes 1988
12.0,6.0,0.5,2.6974,0.79,,0.8888888888888888,Heyes 1988
12.0,6.0,0.5463,2.6974,1.06,,0.8888888888888888,Heyes 1988
12.0,6.0,0.6374000000000001,2.6974,1.2,,0.8888888888888888,Heyes 1988
12.0,6.0,0.6993,2.6974,1.5,,0.8888888888888888,Heyes 1988
12.0,6.0,0.7469,2.6974,1.7000000000000002,,0.8888888888888888,Heyes 1988
12.0,6.0,0.7856000000000001,2.6974,2.0,,0.8888888888888888,Heyes 1988
12.0,6.0,0.8183,2.6974,2.2,,0.8888888888888888,Heyes 1988
12.0,6.0,0.8468,2.6974,2.2,,0.8888888888888888,Heyes 1988
12.0,6.0,0.8724000000000001,2.6974,2.7,,0.8888888888888888,Heyes 1988
12.0,6.0,0.8951,2.6974,3.0,,0.8888888888888888,Heyes 1988
12.0,6.0,0.9159,2.6974,3.4,,0.8888888888888888,Heyes 1988
12.0,6.0,0.935,2.6974,3.5,,0.8888888888888888,Heyes 1988
12.0,6.0,0.9534,2.6974,3.5,,0.8888888888888888,Heyes 1988
12.0,6.0,0.97,2.6974,4.1,,0.8888888888888888,Heyes 1988
12.0,6.0,0.99,2.6974,4.6,,0.8888888888888888,Heyes 1988
12.0,6.0,1.01,2.6974,5.0,,0.8888888888888888,Heyes 1988
12.0,6.0,1.03,2.6974,5.2,,0.8888888888888888,Heyes 1988
12.0,6.0,1.06,2.6974,5.6,,0.8888888888888888,Heyes 1988
12.0,6.0,1.13,2.74,9.5,,0.8888888888888888,Heyes 1988
12.0,6.0,1.13,2.74,9.5,,0.8888888888888888,Heyes 1988
12.0,6.0,0.916,3.0,3.1,,0.8888888888888888,Heyes 1988
12.0,6.0,0.5463,5.85,1.2,,0.8888888888888888,Heyes 1988
12.0,6.0,0.6374000000000001,5.85,1.22,,0.8888888888888888,Heyes 1988
12.0,6.0,0.30000000000000004,6.0,0.59,,0.8888888888888888,Heyes 1988
12.0,6.0,0.4,6.0,0.71,,0.8888888888888888,Heyes 1988
12.0,6.0,0.5,6.0,0.88,,0.8888888888888888,Heyes 1988
12.0,6.0,0.5463,6.0,1.1,,0.8888888888888888,Heyes 1988
12.0,6.0,0.6374000000000001,6.0,1.34,,0.8888888888888888,Heyes 1988
12.0,6.0,0.8468,6.0,2.34,,0.8888888888888888,Heyes 1988
12.0,6.0,0.8468,5.9,2.2,,0.8888888888888888,Heyes 1988
12.0,6.0,0.8724000000000001,6.0,2.3,,0.8888888888888888,Heyes 1988
12.0,6.0,0.8951,6.0,2.54,,0.8888888888888888,Heyes 1988
12.0,6.0,0.9159,6.0,2.8,,0.8888888888888888,Heyes 1988
12.0,6.0,0.9355,6.0,2.9,,0.8888888888888888,Heyes 1988
12.0,6.0,0.9534,6.0,3.0,,0.8888888888888888,Heyes 1988
12.0,6.0,0.97,6.0,3.5,,0.8888888888888888,Heyes 1988
12.0,6.0,0.99,6.0,3.4,,0.8888888888888888,Heyes 1988
12.0,6.0,1.01,5.88,3.7,,0.8888888888888888,Heyes 1988
12.0,6.0,1.01,6.0,3.9,,0.8888888888888888,Heyes 1988
12.0,6.0,1.03,6.0,4.0,,0.8888888888888888,Heyes 1988
12.0,6.0,1.03,5.96,4.1,,0.8888888888888888,Heyes 1988
12.0,6.0,1.06,6.0,5.0,,0.8888888888888888,Heyes 1988
12.0,6.0,1.18,6.0,7.2,,0.8888888888888888,Heyes 1988
12.0,6.0,0.4,10.0,0.98,,0.8888888888888888,Heyes 1988
12.0,6.0,0.5,9.98,1.1,,0.8888888888888888,Heyes 1988
12.0,6.0,0.6000000000000001,10.0,1.3,,0.8888888888888888,Heyes 1988
12.0,6.0,0.7,10.0,1.7000000000000002,,0.8888888888888888,Heyes 1988
12.0,6.0,0.8,10.0,2.0,,0.8888888888888888,Heyes 1988
12.0,6.0,0.9,10.0,2.6,,0.8888888888888888,Heyes 1988
12.0,6.0,1.0,9.68,3.6,,0.8888888888888888,Heyes 1988
12.0,6.0,1.04,10.0,4.7,,0.8888888888888888,Heyes 1988
12.0,6.0,1.08,10.0,4.5,,0.8888888888888888,Heyes 1988
12.0,6.0,1.12,10.0,5.3,,0.8888888888888888,Heyes 1988
12.0,6.0,1.18,10.0,6.2,,0.8888888888888888,Heyes 1988
12.0,6.0,1.22,10.0,6.9,,0.8888888888888888,Heyes 1988
12.0,6.0,0.8442000000000001,0.722,3.74,,0.8888888888888888,Heyes 1990
12.0,6.0,0.921,0.722,6.25,,0.8888888888888888,Heyes 1990
12.0,6.0,0.731,1.05,1.28,,0.8888888888888888,Heyes 1990
12.0,6.0,0.8210000000000001,1.06,2.37,,0.8888888888888888,Heyes 1990
12.0,6.0,0.9,1.05,4.0,,0.8888888888888888,Heyes 1990
12.0,6.0,0.5,1.9,0.63,,0.8888888888888888,Heyes 1990
12.0,6.0,0.6000000000000001,1.9,0.8,,0.8888888888888888,Heyes 1990
12.0,6.0,0.7,1.9,1.22,,0.8888888888888888,Heyes 1990
12.0,6.0,0.801,1.9,1.84,,0.8888888888888888,Heyes 1990
12.0,6.0,0.97,1.9,4.32,,0.8888888888888888,Heyes 1990
12.0,6.0,1.0,1.9,5.8,,0.8888888888888888,Heyes 1990
12.0,6.0,1.04,1.9,7.32,,0.8888888888888888,Heyes 1990
12.0,6.0,0.5,2.5,0.69,,0.8888888888888888,Heyes 1990
12.0,6.0,0.8,2.5,1.6,,0.8888888888888888,Heyes 1990
12.0,6.0,0.968,2.5,3.18,,0.8888888888888888,Heyes 1990
12.0,6.0,1.0648,2.5,7.0,,0.8888888888888888,Heyes 1990
12.0,6.0,1.1713,2.5,13.93,,0.8888888888888888,Heyes 1990
12.0,6.0,0.4,3.46,0.71,,0.8888888888888888,Heyes 1990
12.0,6.0,0.7,3.46,1.61,,0.8888888888888888,Heyes 1990
12.0,6.0,0.968,3.46,3.9,,0.8888888888888888,Heyes 1990
12.0,6.0,1.1713,3.46,10.33,,0.8888888888888888,Heyes 1990
12.0,6.0,1.0,6.0,3.59,,0.8888888888888888,Heyes 1990
12.0,6.0,1.1,6.0,5.86,,0.8888888888888888,Heyes 1990
12.0,6.0,1.2,6.0,7.73,,0.8888888888888888,Heyes 1990
12.0,6.0,1.3,6.0,11.25,,0.8888888888888888,Heyes 1990
12.0,6.0,1.4,6.0,6.92,,0.8888888888888888,Heyes 1990
12.0,6.0,0.844,0.73,3.189,,0.8888888888888888,Hoheisel 1990
12.0,6.0,0.844,2.37,2.13,,0.8888888888888888,Hoheisel 1990
12.0,6.0,1.0,2.47,4.58,,0.8888888888888888,Hoheisel 1990
12.0,6.0,0.85,0.699715,3.515,,0.8888888888888888,Meier 2004
12.0,6.0,0.8,0.6998449999999999,2.38,,0.8888888888888888,Meier 2004
12.0,6.0,0.75,0.698757,1.6280000000000001,,0.8888888888888888,Meier 2004
12.0,6.0,0.015,0.701012,0.0755,,0.8888888888888888,Meier 2004
12.0,6.0,0.01,0.7000919999999999,0.07543000000000001,,0.8888888888888888,Meier 2004
12.0,6.0,0.005,0.700063,0.04947000000000001,,0.8888888888888888,Meier 2004
12.0,6.0,0.85,0.800689,3.246,,0.8888888888888888,Meier 2004
12.0,6.0,0.8,0.801086,2.164,,0.8888888888888888,Meier 2004
12.0,6.0,0.75,0.8017139999999999,1.646,,0.8888888888888888,Meier 2004
12.0,6.0,0.7,0.7997029999999999,1.233,,0.8888888888888888,Meier 2004
12.0,6.0,0.03,0.803295,0.08567000000000001,,0.8888888888888888,Meier 2004
12.0,6.0,0.025,0.8029649999999999,0.0954,,0.8888888888888888,Meier 2004
12.0,6.0,0.02,0.8007000000000001,0.08465,,0.8888888888888888,Meier 2004
12.0,6.0,0.015,0.8004800000000001,0.07473,,0.8888888888888888,Meier 2004
12.0,6.0,0.01,0.800439,0.07673,,0.8888888888888888,Meier 2004
12.0,6.0,0.85,0.9005259999999999,2.918,,0.8888888888888888,Meier 2004
12.0,6.0,0.8,0.900832,2.095,,0.8888888888888888,Meier 2004
12.0,6.0,0.75,0.9018039999999999,1.573,,0.8888888888888888,Meier 2004
12.0,6.0,0.7,0.900372,1.237,,0.8888888888888888,Meier 2004
12.0,6.0,0.65,0.902284,0.9708,,0.8888888888888888,Meier 2004
12.0,6.0,0.05,0.909642,0.109,,0.8888888888888888,Meier 2004
12.0,6.0,0.045,0.9072089999999999,0.1077,,0.8888888888888888,Meier 2004
12.0,6.0,0.04,0.90297,0.1044,,0.8888888888888888,Meier 2004
12.0,6.0,0.035,0.900743,0.09796,,0.8888888888888888,Meier 2004
12.0,6.0,0.03,0.898053,0.10010000000000001,,0.8888888888888888,Meier 2004
12.0,6.0,0.025,0.900334,0.09601000000000001,,0.8888888888888888,Meier 2004
12.0,6.0,0.02,0.900045,0.1012,,0.8888888888888888,Meier 2004
12.0,6.0,0.015,0.900353,0.10350000000000001,,0.8888888888888888,Meier 2004
12.0,6.0,0.01,0.9004179999999999,0.09682,,0.8888888888888888,Meier 2004
12.0,6.0,0.005,0.9005989999999999,0.08578000000000001,,0.8888888888888888,Meier 2004
12.0,6.0,0.9,0.999972,3.969,,0.8888888888888888,Meier 2004
12.0,6.0,0.85,1.00042,2.833,,0.8888888888888888,Meier 2004
12.0,6.0,0.8,1.00046,2.053,,0.8888888888888888,Meier 2004
12.0,6.0,0.75,1.00124,1.558,,0.8888888888888888,Meier 2004
12.0,6.0,0.7,1.00028,1.222,,0.8888888888888888,Meier 2004
12.0,6.0,0.65,1.00149,0.9427000000000001,,0.8888888888888888,Meier 2004
12.0,6.0,0.6000000000000001,1.00382,0.7631,,0.8888888888888888,Meier 2004
12.0,6.0,0.07,1.00987,0.1193,,0.8888888888888888,Meier 2004
12.0,6.0,0.065,1.00651,0.1203,,0.8888888888888888,Meier 2004
12.0,6.0,0.06,1.00467,0.12150000000000001,,0.8888888888888888,Meier 2004
12.0,6.0,0.055,1.0022,0.1164,,0.8888888888888888,Meier 2004
12.0,6.0,0.05,1.00158,0.10450000000000001,,0.8888888888888888,Meier 2004
12.0,6.0,0.045,1.00093,0.10840000000000001,,0.8888888888888888,Meier 2004
12.0,6.0,0.04,0.99916,0.128,,0.8888888888888888,Meier 2004
12.0,6.0,0.035,0.9989629999999999,0.09249,,0.8888888888888888,Meier 2004
12.0,6.0,0.03,0.995815,0.1212,,0.8888888888888888,Meier 2004
12.0,6.0,0.025,1.00029,0.123,,0.8888888888888888,Meier 2004
12.0,6.0,0.02,1.0003,0.1102,,0.8888888888888888,Meier 2004
12.0,6.0,0.015,1.00014,0.1222,,0.8888888888888888,Meier 2004
12.0,6.0,0.01,1.00062,0.1134,,0.8888888888888888,Meier 2004
12.0,6.0,0.005,1.00035,0.07796,,0.8888888888888888,Meier 2004
12.0,6.0,0.9,1.10011,3.814,,0.8888888888888888,Meier 2004
12.0,6.0,0.85,1.10034,2.623,,0.8888888888888888,Meier 2004
12.0,6.0,0.8,1.10021,2.019,,0.8888888888888888,Meier 2004
12.0,6.0,0.75,1.1005,1.525,,0.8888888888888888,Meier 2004
12.0,6.0,0.7,1.10083,1.201,,0.8888888888888888,Meier 2004
12.0,6.0,0.65,1.1013600000000001,0.978,,0.8888888888888888,Meier 2004
12.0,6.0,0.5750000000000001,1.10251,0.7334,,0.8888888888888888,Meier 2004
12.0,6.0,0.55,1.10416,0.6692,,0.8888888888888888,Meier 2004
12.0,6.0,0.525,1.10962,0.5993,,0.8888888888888888,Meier 2004
12.0,6.0,0.07,1.1013,0.1267,,0.8888888888888888,Meier 2004
12.0,6.0,0.065,1.10099,0.137,,0.8888888888888888,Meier 2004
12.0,6.0,0.06,1.10102,0.1373,,0.8888888888888888,Meier 2004
12.0,6.0,0.055,1.0998,0.1311,,0.8888888888888888,Meier 2004
12.0,6.0,0.05,1.09965,0.12050000000000001,,0.8888888888888888,Meier 2004
12.0,6.0,0.045,1.09994,0.1331,,0.8888888888888888,Meier 2004
12.0,6.0,0.035,1.09894,0.1307,,0.8888888888888888,Meier 2004
12.0,6.0,0.03,1.09905,0.123,,0.8888888888888888,Meier 2004
12.0,6.0,0.025,1.09982,0.11860000000000001,,0.8888888888888888,Meier 2004
12.0,6.0,0.02,1.10032,0.1082,,0.8888888888888888,Meier 2004
12.0,6.0,0.015,1.10012,0.11850000000000001,,0.8888888888888888,Meier 2004
12.0,6.0,0.01,1.10066,0.1194,,0.8888888888888888,Meier 2004
12.0,6.0,0.005,1.10066,0.09852000000000001,,0.8888888888888888,Meier 2004
12.0,6.0,0.95,1.20061,5.13,,0.8888888888888888,Meier 2004
12.0,6.0,0.9,1.20016,3.627,,0.8888888888888888,Meier 2004
12.0,6.0,0.85,1.20041,2.658,,0.8888888888888888,Meier 2004
12.0,6.0,0.8,1.20015,1.967,,0.8888888888888888,Meier 2004
12.0,6.0,0.75,1.20041,1.534,,0.8888888888888888,Meier 2004
12.0,6.0,0.7,1.20054,1.19,,0.8888888888888888,Meier 2004
12.0,6.0,0.65,1.20087,0.9842000000000001,,0.8888888888888888,Meier 2004
12.0,6.0,0.6000000000000001,1.20141,0.807,,0.8888888888888888,Meier 2004
12.0,6.0,0.55,1.2013500000000001,0.6651,,0.8888888888888888,Meier 2004
12.0,6.0,0.5,1.20376,0.5748,,0.8888888888888888,Meier 2004
12.0,6.0,0.125,1.2033,0.1806,,0.8888888888888888,Meier 2004
12.0,6.0,0.1,1.20179,0.1558,,0.8888888888888888,Meier 2004
12.0,6.0,0.075,1.20003,0.1559,,0.8888888888888888,Meier 2004
12.0,6.0,0.05,1.19363,0.13770000000000002,,0.8888888888888888,Meier 2004
12.0,6.0,0.025,1.20001,0.12430000000000001,,0.8888888888888888,Meier 2004
12.0,6.0,0.95,1.25091,5.113,,0.8888888888888888,Meier 2004
12.0,6.0,0.9,1.25033,3.64,,0.8888888888888888,Meier 2004
12.0,6.0,0.85,1.25076,2.593,,0.8888888888888888,Meier 2004
12.0,6.0,0.8,1.25016,1.947,,0.8888888888888888,Meier 2004
12.0,6.0,0.75,1.25031,1.4929999999999999,,0.8888888888888888,Meier 2004
12.0,6.0,0.7,1.2491400000000001,1.219,,0.8888888888888888,Meier 2004
12.0,6.0,0.65,1.25096,0.9856,,0.8888888888888888,Meier 2004
12.0,6.0,0.6000000000000001,1.25154,0.7977000000000001,,0.8888888888888888,Meier 2004
12.0,6.0,0.55,1.251,0.6649,,0.8888888888888888,Meier 2004
12.0,6.0,0.5,1.25282,0.5699000000000001,,0.8888888888888888,Meier 2004
12.0,6.0,0.45,1.2555,0.4801,,0.8888888888888888,Meier 2004
12.0,6.0,0.2,1.26932,0.2136,,0.8888888888888888,Meier 2004
12.0,6.0,0.17500000000000002,1.26182,0.1922,,0.8888888888888888,Meier 2004
12.0,6.0,0.15,1.25743,0.1867,,0.8888888888888888,Meier 2004
12.0,6.0,0.125,1.25407,0.1776,,0.8888888888888888,Meier 2004
12.0,6.0,0.1,1.25085,0.1627,,0.8888888888888888,Meier 2004
12.0,6.0,0.075,1.24973,0.1537,,0.8888888888888888,Meier 2004
12.0,6.0,0.05,1.24923,0.149,,0.8888888888888888,Meier 2004
12.0,6.0,0.025,1.24991,0.1438,,0.8888888888888888,Meier 2004
12.0,6.0,0.95,1.3005900000000001,4.897,,0.8888888888888888,Meier 2004
12.0,6.0,0.9,1.3005900000000001,3.539,,0.8888888888888888,Meier 2004
12.0,6.0,0.85,1.30055,2.529,,0.8888888888888888,Meier 2004
12.0,6.0,0.8,1.30054,1.971,,0.8888888888888888,Meier 2004
12.0,6.0,0.75,1.30027,1.54,,0.8888888888888888,Meier 2004
12.0,6.0,0.7,1.3002500000000001,1.223,,0.8888888888888888,Meier 2004
12.0,6.0,0.65,1.30067,0.9876,,0.8888888888888888,Meier 2004
12.0,6.0,0.6000000000000001,1.30118,0.8282,,0.8888888888888888,Meier 2004
12.0,6.0,0.55,1.3013400000000002,0.6749,,0.8888888888888888,Meier 2004
12.0,6.0,0.5,1.3013400000000002,0.5545,,0.8888888888888888,Meier 2004
12.0,6.0,0.45,1.30279,0.47800000000000004,,0.8888888888888888,Meier 2004
12.0,6.0,0.225,1.31023,0.23870000000000002,,0.8888888888888888,Meier 2004
12.0,6.0,0.2,1.30869,0.2157,,0.8888888888888888,Meier 2004
12.0,6.0,0.17500000000000002,1.30689,0.20550000000000002,,0.8888888888888888,Meier 2004
12.0,6.0,0.15,1.3029600000000001,0.1804,,0.8888888888888888,Meier 2004
12.0,6.0,0.125,1.30141,0.176,,0.8888888888888888,Meier 2004
12.0,6.0,0.1,1.29987,0.1686,,0.8888888888888888,Meier 2004
12.0,6.0,0.075,1.29901,0.15810000000000002,,0.8888888888888888,Meier 2004
12.0,6.0,0.05,1.2995,0.1499,,0.8888888888888888,Meier 2004
12.0,6.0,0.025,1.3003,0.1464,,0.8888888888888888,Meier 2004
12.0,6.0,0.95,1.35091,4.808,,0.8888888888888888,Meier 2004
12.0,6.0,0.9,1.3506200000000002,3.371,,0.8888888888888888,Meier 2004
12.0,6.0,0.85,1.35098,2.588,,0.8888888888888888,Meier 2004
12.0,6.0,0.8,1.35036,1.971,,0.8888888888888888,Meier 2004
12.0,6.0,0.75,1.35039,1.517,,0.8888888888888888,Meier 2004
12.0,6.0,0.7,1.34897,1.213,,0.8888888888888888,Meier 2004
12.0,6.0,0.65,1.3506,0.9908,,0.8888888888888888,Meier 2004
12.0,6.0,0.6000000000000001,1.35071,0.8114,,0.8888888888888888,Meier 2004
12.0,6.0,0.55,1.35108,0.7154,,0.8888888888888888,Meier 2004
12.0,6.0,0.5,1.35118,0.5716,,0.8888888888888888,Meier 2004
12.0,6.0,0.45,1.35217,0.495,,0.8888888888888888,Meier 2004
12.0,6.0,0.4,1.35457,0.4052,,0.8888888888888888,Meier 2004
12.0,6.0,0.35,1.35615,0.33440000000000003,,0.8888888888888888,Meier 2004
12.0,6.0,0.30000000000000004,1.35835,0.296,,0.8888888888888888,Meier 2004
12.0,6.0,0.30000000000000004,1.34596,0.2912,,0.8888888888888888,Meier 2004
12.0,6.0,0.25,1.3587500000000001,0.2666,,0.8888888888888888,Meier 2004
12.0,6.0,0.2,1.35619,0.2084,,0.8888888888888888,Meier 2004
12.0,6.0,0.15,1.3520400000000001,0.1952,,0.8888888888888888,Meier 2004
12.0,6.0,0.1,1.35011,0.1748,,0.8888888888888888,Meier 2004
12.0,6.0,0.05,1.34991,0.14930000000000002,,0.8888888888888888,Meier 2004
12.0,6.0,0.35,1.34619,0.3531,,0.8888888888888888,Meier 2004
12.0,6.0,0.30000000000000004,1.34576,0.29610000000000003,,0.8888888888888888,Meier 2004
12.0,6.0,0.45,1.34991,0.48090000000000005,,0.8888888888888888,Meier 2004
12.0,6.0,0.4,1.34943,0.4046,,0.8888888888888888,Meier 2004
12.0,6.0,0.35,1.35066,0.3541,,0.8888888888888888,Meier 2004
12.0,6.0,0.30000000000000004,1.35145,0.2938,,0.8888888888888888,Meier 2004
12.0,6.0,0.25,1.35057,0.2544,,0.8888888888888888,Meier 2004
12.0,6.0,0.2,1.35006,0.2223,,0.8888888888888888,Meier 2004
12.0,6.0,0.15,1.35043,0.2036,,0.8888888888888888,Meier 2004
12.0,6.0,0.1,1.34962,0.1791,,0.8888888888888888,Meier 2004
12.0,6.0,0.05,1.34942,0.16570000000000001,,0.8888888888888888,Meier 2004
12.0,6.0,0.95,1.5011100000000002,4.354,,0.8888888888888888,Meier 2004
12.0,6.0,0.9,1.50096,3.287,,0.8888888888888888,Meier 2004
12.0,6.0,0.85,1.50146,2.439,,0.8888888888888888,Meier 2004
12.0,6.0,0.8,1.50082,1.912,,0.8888888888888888,Meier 2004
12.0,6.0,0.75,1.50051,1.5150000000000001,,0.8888888888888888,Meier 2004
12.0,6.0,0.7,1.49888,1.189,,0.8888888888888888,Meier 2004
12.0,6.0,0.65,1.5003700000000002,0.9946,,0.8888888888888888,Meier 2004
12.0,6.0,0.6000000000000001,1.50055,0.8419000000000001,,0.8888888888888888,Meier 2004
12.0,6.0,0.55,1.5012699999999999,0.6902,,0.8888888888888888,Meier 2004
12.0,6.0,0.5,1.50183,0.5818,,0.8888888888888888,Meier 2004
12.0,6.0,0.45,1.5021300000000002,0.5049,,0.8888888888888888,Meier 2004
12.0,6.0,0.4,1.50285,0.43860000000000005,,0.8888888888888888,Meier 2004
12.0,6.0,0.35,1.5033400000000001,0.36060000000000003,,0.8888888888888888,Meier 2004
12.0,6.0,0.30000000000000004,1.50385,0.3275,,0.8888888888888888,Meier 2004
12.0,6.0,0.25,1.5033400000000001,0.2707,,0.8888888888888888,Meier 2004
12.0,6.0,0.2,1.5021900000000001,0.2529,,0.8888888888888888,Meier 2004
12.0,6.0,0.17500000000000002,1.50129,0.2238,,0.8888888888888888,Meier 2004
12.0,6.0,0.15,1.50038,0.21150000000000002,,0.8888888888888888,Meier 2004
12.0,6.0,0.125,1.49959,0.2033,,0.8888888888888888,Meier 2004
12.0,6.0,0.1,1.50014,0.19890000000000002,,0.8888888888888888,Meier 2004
12.0,6.0,0.075,1.4994100000000001,0.1849,,0.8888888888888888,Meier 2004
12.0,6.0,0.05,1.49974,0.1839,,0.8888888888888888,Meier 2004
12.0,6.0,0.025,1.5003199999999999,0.1658,,0.8888888888888888,Meier 2004
12.0,6.0,1.0,1.80118,5.526,,0.8888888888888888,Meier 2004
12.0,6.0,0.95,1.80124,4.058,,0.8888888888888888,Meier 2004
12.0,6.0,0.9,1.80133,3.078,,0.8888888888888888,Meier 2004
12.0,6.0,0.85,1.802,2.374,,0.8888888888888888,Meier 2004
12.0,6.0,0.8,1.80192,1.855,,0.8888888888888888,Meier 2004
12.0,6.0,0.75,1.8012700000000001,1.4849999999999999,,0.8888888888888888,Meier 2004
12.0,6.0,0.7,1.80075,1.233,,0.8888888888888888,Meier 2004
12.0,6.0,0.65,1.8004600000000002,1.031,,0.8888888888888888,Meier 2004
12.0,6.0,0.6000000000000001,1.80029,0.8321000000000001,,0.8888888888888888,Meier 2004
12.0,6.0,0.55,1.80133,0.7358,,0.8888888888888888,Meier 2004
12.0,6.0,0.5,1.80206,0.6139,,0.8888888888888888,Meier 2004
12.0,6.0,0.45,1.80314,0.5403,,0.8888888888888888,Meier 2004
12.0,6.0,0.4,1.80369,0.4625,,0.8888888888888888,Meier 2004
12.0,6.0,0.35,1.80332,0.4122,,0.8888888888888888,Meier 2004
12.0,6.0,0.30000000000000004,1.80323,0.3501,,0.8888888888888888,Meier 2004
12.0,6.0,0.25,1.80321,0.3032,,0.8888888888888888,Meier 2004
12.0,6.0,0.2,1.80199,0.26830000000000004,,0.8888888888888888,Meier 2004
12.0,6.0,0.17500000000000002,1.80178,0.26780000000000004,,0.8888888888888888,Meier 2004
12.0,6.0,0.15,1.79827,0.2394,,0.8888888888888888,Meier 2004
12.0,6.0,0.125,1.8009300000000001,0.2482,,0.8888888888888888,Meier 2004
12.0,6.0,0.1,1.80076,0.22460000000000002,,0.8888888888888888,Meier 2004
12.0,6.0,0.075,1.8003500000000001,0.2141,,0.8888888888888888,Meier 2004
12.0,6.0,0.05,1.80084,0.20700000000000002,,0.8888888888888888,Meier 2004
12.0,6.0,0.025,1.80078,0.19190000000000002,,0.8888888888888888,Meier 2004
12.0,6.0,1.0,2.09999,4.9719999999999995,,0.8888888888888888,Meier 2004
12.0,6.0,0.95,2.10129,3.747,,0.8888888888888888,Meier 2004
12.0,6.0,0.9,2.10164,2.942,,0.8888888888888888,Meier 2004
12.0,6.0,0.85,2.10234,2.315,,0.8888888888888888,Meier 2004
12.0,6.0,0.8,2.10193,1.863,,0.8888888888888888,Meier 2004
12.0,6.0,0.75,2.10155,1.525,,0.8888888888888888,Meier 2004
12.0,6.0,0.7,2.09985,1.2610000000000001,,0.8888888888888888,Meier 2004
12.0,6.0,0.65,2.10086,1.046,,0.8888888888888888,Meier 2004
12.0,6.0,0.6000000000000001,2.10137,0.8874000000000001,,0.8888888888888888,Meier 2004
12.0,6.0,0.55,2.10092,0.7253000000000001,,0.8888888888888888,Meier 2004
12.0,6.0,0.5,2.10272,0.6251,,0.8888888888888888,Meier 2004
12.0,6.0,0.45,2.10323,0.552,,0.8888888888888888,Meier 2004
12.0,6.0,0.4,2.10572,0.49210000000000004,,0.8888888888888888,Meier 2004
12.0,6.0,0.35,2.10334,0.4062,,0.8888888888888888,Meier 2004
12.0,6.0,0.30000000000000004,2.10307,0.3783,,0.8888888888888888,Meier 2004
12.0,6.0,0.25,2.10362,0.3352,,0.8888888888888888,Meier 2004
12.0,6.0,0.2,2.10281,0.32020000000000004,,0.8888888888888888,Meier 2004
12.0,6.0,0.17500000000000002,2.10274,0.293,,0.8888888888888888,Meier 2004
12.0,6.0,0.15,2.10233,0.2732,,0.8888888888888888,Meier 2004
12.0,6.0,0.125,2.10173,0.25720000000000004,,0.8888888888888888,Meier 2004
12.0,6.0,0.1,2.10187,0.25670000000000004,,0.8888888888888888,Meier 2004
12.0,6.0,0.075,2.10129,0.2374,,0.8888888888888888,Meier 2004
12.0,6.0,0.05,2.1016,0.22690000000000002,,0.8888888888888888,Meier 2004
12.0,6.0,0.025,2.10122,0.225,,0.8888888888888888,Meier 2004
12.0,6.0,1.05,2.50019,6.204,,0.8888888888888888,Meier 2004
12.0,6.0,1.0,2.4998,4.601,,0.8888888888888888,Meier 2004
12.0,6.0,0.95,2.5013,3.48,,0.8888888888888888,Meier 2004
12.0,6.0,0.9,2.50171,2.819,,0.8888888888888888,Meier 2004
12.0,6.0,0.9,2.50171,2.805,,0.8888888888888888,Meier 2004
12.0,6.0,0.85,2.50252,2.236,,0.8888888888888888,Meier 2004
12.0,6.0,0.8,2.50221,1.865,,0.8888888888888888,Meier 2004
12.0,6.0,0.75,2.50223,1.504,,0.8888888888888888,Meier 2004
12.0,6.0,0.7,2.50041,1.238,,0.8888888888888888,Meier 2004
12.0,6.0,0.65,2.50131,1.072,,0.8888888888888888,Meier 2004
12.0,6.0,0.6000000000000001,2.50087,0.9096000000000001,,0.8888888888888888,Meier 2004
12.0,6.0,0.55,2.50129,0.7742,,0.8888888888888888,Meier 2004
12.0,6.0,0.5,2.50195,0.6483,,0.8888888888888888,Meier 2004
12.0,6.0,0.45,2.50272,0.5987,,0.8888888888888888,Meier 2004
12.0,6.0,0.4,2.5031499999999998,0.5102,,0.8888888888888888,Meier 2004
12.0,6.0,0.35,2.50297,0.47150000000000003,,0.8888888888888888,Meier 2004
12.0,6.0,0.30000000000000004,2.50324,0.40950000000000003,,0.8888888888888888,Meier 2004
12.0,6.0,0.25,2.5030900000000003,0.3649,,0.8888888888888888,Meier 2004
12.0,6.0,0.2,2.5029500000000002,0.3366,,0.8888888888888888,Meier 2004
12.0,6.0,0.17500000000000002,2.50261,0.338,,0.8888888888888888,Meier 2004
12.0,6.0,0.15,2.5029,0.3045,,0.8888888888888888,Meier 2004
12.0,6.0,0.125,2.50278,0.3018,,0.8888888888888888,Meier 2004
12.0,6.0,0.1,2.50283,0.2934,,0.8888888888888888,Meier 2004
12.0,6.0,0.075,2.50197,0.27890000000000004,,0.8888888888888888,Meier 2004
12.0,6.0,0.05,2.50177,0.27940000000000004,,0.8888888888888888,Meier 2004
12.0,6.0,0.025,2.50156,0.23870000000000002,,0.8888888888888888,Meier 2004
12.0,6.0,1.1,3.00181,7.037,,0.8888888888888888,Meier 2004
12.0,6.0,1.05,3.00002,5.5,,0.8888888888888888,Meier 2004
12.0,6.0,1.0,2.99953,4.253,,0.8888888888888888,Meier 2004
12.0,6.0,0.95,3.00122,3.3689999999999998,,0.8888888888888888,Meier 2004
12.0,6.0,0.9,3.00162,2.751,,0.8888888888888888,Meier 2004
12.0,6.0,0.85,3.00273,2.258,,0.8888888888888888,Meier 2004
12.0,6.0,0.8,3.00188,1.832,,0.8888888888888888,Meier 2004
12.0,6.0,0.75,3.00226,1.546,,0.8888888888888888,Meier 2004
12.0,6.0,0.7,3.00078,1.307,,0.8888888888888888,Meier 2004
12.0,6.0,0.65,3.00198,1.092,,0.8888888888888888,Meier 2004
12.0,6.0,0.6000000000000001,3.00141,0.9401,,0.8888888888888888,Meier 2004
12.0,6.0,0.55,3.00147,0.8249000000000001,,0.8888888888888888,Meier 2004
12.0,6.0,0.5,3.00216,0.7203,,0.8888888888888888,Meier 2004
12.0,6.0,0.45,3.00225,0.6359,,0.8888888888888888,Meier 2004
12.0,6.0,0.4,3.00254,0.5561,,0.8888888888888888,Meier 2004
12.0,6.0,0.4,3.00225,0.5623,,0.8888888888888888,Meier 2004
12.0,6.0,0.35,3.00189,0.49110000000000004,,0.8888888888888888,Meier 2004
12.0,6.0,0.35,3.00173,0.4965,,0.8888888888888888,Meier 2004
12.0,6.0,0.30000000000000004,3.00221,0.4323,,0.8888888888888888,Meier 2004
12.0,6.0,0.30000000000000004,3.00246,0.4348,,0.8888888888888888,Meier 2004
12.0,6.0,0.25,3.00263,0.39940000000000003,,0.8888888888888888,Meier 2004
12.0,6.0,0.25,3.0024,0.4047,,0.8888888888888888,Meier 2004
12.0,6.0,0.2,3.0021,0.3839,,0.8888888888888888,Meier 2004
12.0,6.0,0.17500000000000002,3.00246,0.36360000000000003,,0.8888888888888888,Meier 2004
12.0,6.0,0.15,3.00292,0.3297,,0.8888888888888888,Meier 2004
12.0,6.0,0.125,3.00226,0.32220000000000004,,0.8888888888888888,Meier 2004
12.0,6.0,0.1,3.00262,0.32430000000000003,,0.8888888888888888,Meier 2004
12.0,6.0,0.075,3.00237,0.3195,,0.8888888888888888,Meier 2004
12.0,6.0,0.05,3.00155,0.31520000000000004,,0.8888888888888888,Meier 2004
12.0,6.0,0.025,3.00191,0.3063,,0.8888888888888888,Meier 2004
12.0,6.0,1.15,4.00066,7.819,,0.8888888888888888,Meier 2004
12.0,6.0,1.1,4.00094,6.008,,0.8888888888888888,Meier 2004
12.0,6.0,1.05,4.00009,4.699,,0.8888888888888888,Meier 2004
12.0,6.0,1.0,3.9997100000000003,3.866,,0.8888888888888888,Meier 2004
12.0,6.0,0.95,4.00129,3.266,,0.8888888888888888,Meier 2004
12.0,6.0,0.9,4.00121,2.659,,0.8888888888888888,Meier 2004
12.0,6.0,0.85,4.00206,2.156,,0.8888888888888888,Meier 2004
12.0,6.0,0.8,4.00175,1.849,,0.8888888888888888,Meier 2004
12.0,6.0,0.75,4.00223,1.583,,0.8888888888888888,Meier 2004
12.0,6.0,0.7,4.00109,1.353,,0.8888888888888888,Meier 2004
12.0,6.0,0.65,4.0022,1.15,,0.8888888888888888,Meier 2004
12.0,6.0,0.6000000000000001,4.00182,0.9928,,0.8888888888888888,Meier 2004
12.0,6.0,0.55,4.0018,0.8777,,0.8888888888888888,Meier 2004
12.0,6.0,0.5,4.00216,0.7735000000000001,,0.8888888888888888,Meier 2004
12.0,6.0,0.45,4.00176,0.6939000000000001,,0.8888888888888888,Meier 2004
12.0,6.0,0.4,4.00119,0.6271,,0.8888888888888888,Meier 2004
12.0,6.0,0.35,4.00024,0.5572,,0.8888888888888888,Meier 2004
12.0,6.0,0.30000000000000004,4.00051,0.5014000000000001,,0.8888888888888888,Meier 2004
12.0,6.0,0.25,4.00107,0.47450000000000003,,0.8888888888888888,Meier 2004
12.0,6.0,0.2,4.0012,0.4187,,0.8888888888888888,Meier 2004
12.0,6.0,0.17500000000000002,4.0017,0.4259,,0.8888888888888888,Meier 2004
12.0,6.0,0.15,4.00213,0.4222,,0.8888888888888888,Meier 2004
12.0,6.0,0.125,4.00238,0.38780000000000003,,0.8888888888888888,Meier 2004
12.0,6.0,0.1,4.00292,0.4037,,0.8888888888888888,Meier 2004
12.0,6.0,0.075,4.00248,0.37570000000000003,,0.8888888888888888,Meier 2004
12.0,6.0,0.05,4.00278,0.37920000000000004,,0.8888888888888888,Meier 2004
12.0,6.0,0.05,4.00269,0.37560000000000004,,0.8888888888888888,Meier 2004
12.0,6.0,0.025,4.00259,0.387,,0.8888888888888888,Meier 2004
12.0,6.0,1.275,5.9962,11.06,,0.8888888888888888,Meier 2004
12.0,6.0,1.25,5.99469,9.756,,0.8888888888888888,Meier 2004
12.0,6.0,1.2,5.99437,7.73,,0.8888888888888888,Meier 2004
12.0,6.0,1.15,5.99613,6.402,,0.8888888888888888,Meier 2004
12.0,6.0,1.1,5.99953,5.285,,0.8888888888888888,Meier 2004
12.0,6.0,1.05,5.99957,4.47,,0.8888888888888888,Meier 2004
12.0,6.0,1.0,5.99992,3.626,,0.8888888888888888,Meier 2004
12.0,6.0,0.95,6.00049,3.151,,0.8888888888888888,Meier 2004
12.0,6.0,0.9,6.00037,2.654,,0.8888888888888888,Meier 2004
12.0,6.0,0.85,6.00076,2.239,,0.8888888888888888,Meier 2004
12.0,6.0,0.8,6.00087,1.94,,0.8888888888888888,Meier 2004
12.0,6.0,0.75,6.00187,1.658,,0.8888888888888888,Meier 2004
12.0,6.0,0.7,6.00107,1.458,,0.8888888888888888,Meier 2004
12.0,6.0,0.65,6.003,1.289,,0.8888888888888888,Meier 2004
12.0,6.0,0.6000000000000001,6.00286,1.146,,0.8888888888888888,Meier 2004
12.0,6.0,0.55,6.00303,1.021,,0.8888888888888888,Meier 2004
12.0,6.0,0.5,6.0029,0.9272,,0.8888888888888888,Meier 2004
12.0,6.0,0.45,6.00198,0.8132,,0.8888888888888888,Meier 2004
12.0,6.0,0.4,6.00099,0.7161000000000001,,0.8888888888888888,Meier 2004
12.0,6.0,0.35,5.99962,0.6741,,0.8888888888888888,Meier 2004
12.0,6.0,0.30000000000000004,5.99964,0.6465000000000001,,0.8888888888888888,Meier 2004
12.0,6.0,0.25,6.00016,0.6076,,0.8888888888888888,Meier 2004
12.0,6.0,0.2,6.0006,0.5707,,0.8888888888888888,Meier 2004
12.0,6.0,0.17500000000000002,6.00115,0.5556,,0.8888888888888888,Meier 2004
12.0,6.0,0.15,6.00192,0.5321,,0.8888888888888888,Meier 2004
12.0,6.0,0.125,6.0026,0.5307000000000001,,0.8888888888888888,Meier 2004
12.0,6.0,0.1,6.00342,0.5108,,0.8888888888888888,Meier 2004
12.0,6.0,0.075,6.00351,0.4965,,0.8888888888888888,Meier 2004
12.0,6.0,0.05,6.00378,0.5052,,0.8888888888888888,Meier 2004
12.0,6.0,0.025,6.004,0.5024000000000001,,0.8888888888888888,Meier 2004
12.0,6.0,0.05,1.3,0.157,,0.8888888888888888,Michels 1985
12.0,6.0,0.1,1.3,0.179,,0.8888888888888888,Michels 1985
12.0,6.0,0.15,1.3,0.217,,0.8888888888888888,Michels 1985
12.0,6.0,0.2,1.3,0.258,,0.8888888888888888,Michels 1985
12.0,6.0,0.25,1.3,0.30000000000000004,,0.8888888888888888,Michels 1985
12.0,6.0,0.30000000000000004,1.3,0.35100000000000003,,0.8888888888888888,Michels 1985
12.0,6.0,0.05,1.499,0.185,,0.8888888888888888,Michels 1985
12.0,6.0,0.1,1.499,0.20800000000000002,,0.8888888888888888,Michels 1985
12.0,6.0,0.15,1.499,0.244,,0.8888888888888888,Michels 1985
12.0,6.0,0.2,1.499,0.28400000000000003,,0.8888888888888888,Michels 1985
12.0,6.0,0.25,1.499,0.317,,0.8888888888888888,Michels 1985
12.0,6.0,0.30000000000000004,1.499,0.383,,0.8888888888888888,Michels 1985
12.0,6.0,0.05,2.0,0.24,,0.8888888888888888,Michels 1985
12.0,6.0,0.1,2.0,0.27,,0.8888888888888888,Michels 1985
12.0,6.0,0.15,2.0,0.313,,0.8888888888888888,Michels 1985
12.0,6.0,0.2,2.0,0.352,,0.8888888888888888,Michels 1985
12.0,6.0,0.25,2.0,0.387,,0.8888888888888888,Michels 1985
12.0,6.0,0.30000000000000004,2.0,0.447,,0.8888888888888888,Michels 1985
12.0,6.0,0.05,3.0,0.32,,0.8888888888888888,Michels 1985
12.0,6.0,0.1,3.0,0.339,,0.8888888888888888,Michels 1985
12.0,6.0,0.15,3.0,0.383,,0.8888888888888888,Michels 1985
12.0,6.0,0.2,3.0,0.435,,0.8888888888888888,Michels 1985
12.0,6.0,0.25,3.0,0.47500000000000003,,0.8888888888888888,Michels 1985
12.0,6.0,0.30000000000000004,3.0,0.528,,0.8888888888888888,Michels 1985
12.0,6.0,0.05,5.0,0.465,,0.8888888888888888,Michels 1985
12.0,6.0,0.1,5.0,0.485,,0.8888888888888888,Michels 1985
12.0,6.0,0.15,5.0,0.534,,0.8888888888888888,Michels 1985
12.0,6.0,0.2,5.0,0.5720000000000001,,0.8888888888888888,Michels 1985
12.0,6.0,0.25,5.0,0.61,,0.8888888888888888,Michels 1985
12.0,6.0,0.30000000000000004,5.0,0.7,,0.8888888888888888,Michels 1985
12.0,6.0,0.05,10.0,0.721,,0.8888888888888888,Michels 1985
12.0,6.0,0.1,10.0,0.746,,0.8888888888888888,Michels 1985
12.0,6.0,0.15,10.0,0.797,,0.8888888888888888,Michels 1985
12.0,6.0,0.2,10.0,0.854,,0.8888888888888888,Michels 1985
12.0,6.0,0.25,10.0,0.901,,0.8888888888888888,Michels 1985
12.0,6.0,0.30000000000000004,10.0,0.983,,0.8888888888888888,Michels 1985
12.0,6.0,0.85,0.745,3.6,,0.8888888888888888,Mountain 2006
12.0,6.0,0.85,0.908,3.2,,0.8888888888888888,Mountain 2006
12.0,6.0,0.75,1.008,1.6,,0.8888888888888888,Mountain 2006
12.0,6.0,0.85,1.033,3.0,,0.8888888888888888,Mountain 2006
12.0,6.0,0.85,1.318,2.6,,0.8888888888888888,Mountain 2006
12.0,6.0,0.75,1.33,1.6,,0.8888888888888888,Mountain 2006
12.0,6.0,0.85,1.5030000000000001,2.6,,0.8888888888888888,Mountain 2006
12.0,6.0,0.65,1.588,1.0,,0.8888888888888888,Mountain 2006
12.0,6.0,0.65,1.851,1.0,,0.8888888888888888,Mountain 2006
12.0,6.0,0.85,1.976,2.5,,0.8888888888888888,Mountain 2006
12.0,6.0,0.75,2.017,1.6,,0.8888888888888888,Mountain 2006
12.0,6.0,0.75,2.9130000000000003,1.6,,0.8888888888888888,Mountain 2006
12.0,6.0,0.85,2.9050000000000002,2.3,,0.8888888888888888,Mountain 2006
12.0,6.0,0.65,3.564,1.2,,0.8888888888888888,Mountain 2006
12.0,6.0,0.05,0.8,0.059000000000000004,,0.8888888888888888,Rowley 1997
12.0,6.0,0.1,0.8,0.055,,0.8888888888888888,Rowley 1997
12.0,6.0,0.15,0.8,0.068,,0.8888888888888888,Rowley 1997
12.0,6.0,0.2,0.8,0.08700000000000001,,0.8888888888888888,Rowley 1997
12.0,6.0,0.30000000000000004,0.8,0.187,,0.8888888888888888,Rowley 1997
12.0,6.0,0.4,0.8,0.29,,0.8888888888888888,Rowley 1997
12.0,6.0,0.5,0.8,0.536,,0.8888888888888888,Rowley 1997
12.0,6.0,0.6000000000000001,0.8,0.833,,0.8888888888888888,Rowley 1997
12.0,6.0,0.7,0.8,1.205,,0.8888888888888888,Rowley 1997
12.0,6.0,0.8,0.8,2.325,,0.8888888888888888,Rowley 1997
12.0,6.0,0.85,0.8,3.492,,0.8888888888888888,Rowley 1997
12.0,6.0,0.05,1.0,0.1,,0.8888888888888888,Rowley 1997
12.0,6.0,0.1,1.0,0.11900000000000001,,0.8888888888888888,Rowley 1997
12.0,6.0,0.15,1.0,0.122,,0.8888888888888888,Rowley 1997
12.0,6.0,0.2,1.0,0.14400000000000002,,0.8888888888888888,Rowley 1997
12.0,6.0,0.30000000000000004,1.0,0.232,,0.8888888888888888,Rowley 1997
12.0,6.0,0.4,1.0,0.34600000000000003,,0.8888888888888888,Rowley 1997
12.0,6.0,0.5,1.0,0.534,,0.8888888888888888,Rowley 1997
12.0,6.0,0.6000000000000001,1.0,0.785,,0.8888888888888888,Rowley 1997
12.0,6.0,0.7,1.0,1.142,,0.8888888888888888,Rowley 1997
12.0,6.0,0.8,1.0,1.943,,0.8888888888888888,Rowley 1997
12.0,6.0,0.85,1.0,3.019,,0.8888888888888888,Rowley 1997
12.0,6.0,0.9,1.0,4.06,,0.8888888888888888,Rowley 1997
12.0,6.0,0.05,1.1,0.129,,0.8888888888888888,Rowley 1997
12.0,6.0,0.1,1.1,0.127,,0.8888888888888888,Rowley 1997
12.0,6.0,0.15,1.1,0.14200000000000002,,0.8888888888888888,Rowley 1997
12.0,6.0,0.2,1.1,0.177,,0.8888888888888888,Rowley 1997
12.0,6.0,0.30000000000000004,1.1,0.257,,0.8888888888888888,Rowley 1997
12.0,6.0,0.4,1.1,0.352,,0.8888888888888888,Rowley 1997
12.0,6.0,0.5,1.1,0.515,,0.8888888888888888,Rowley 1997
12.0,6.0,0.6000000000000001,1.1,0.76,,0.8888888888888888,Rowley 1997
12.0,6.0,0.7,1.1,1.187,,0.8888888888888888,Rowley 1997
12.0,6.0,0.8,1.1,2.079,,0.8888888888888888,Rowley 1997
12.0,6.0,0.85,1.1,2.593,,0.8888888888888888,Rowley 1997
12.0,6.0,0.9,1.1,4.011,,0.8888888888888888,Rowley 1997
12.0,6.0,0.05,1.2,0.133,,0.8888888888888888,Rowley 1997
12.0,6.0,0.1,1.2,0.14300000000000002,,0.8888888888888888,Rowley 1997
12.0,6.0,0.15,1.2,0.165,,0.8888888888888888,Rowley 1997
12.0,6.0,0.2,1.2,0.19,,0.8888888888888888,Rowley 1997
12.0,6.0,0.30000000000000004,1.2,0.259,,0.8888888888888888,Rowley 1997
12.0,6.0,0.4,1.2,0.4,,0.8888888888888888,Rowley 1997
12.0,6.0,0.5,1.2,0.539,,0.8888888888888888,Rowley 1997
12.0,6.0,0.6000000000000001,1.2,0.756,,0.8888888888888888,Rowley 1997
12.0,6.0,0.7,1.2,1.304,,0.8888888888888888,Rowley 1997
12.0,6.0,0.8,1.2,2.291,,0.8888888888888888,Rowley 1997
12.0,6.0,0.85,1.2,2.415,,0.8888888888888888,Rowley 1997
12.0,6.0,0.9,1.2,3.321,,0.8888888888888888,Rowley 1997
12.0,6.0,0.95,1.2,5.588,,0.8888888888888888,Rowley 1997
12.0,6.0,0.05,1.3,0.136,,0.8888888888888888,Rowley 1997
12.0,6.0,0.1,1.3,0.14200000000000002,,0.8888888888888888,Rowley 1997
12.0,6.0,0.15,1.3,0.164,,0.8888888888888888,Rowley 1997
12.0,6.0,0.2,1.3,0.198,,0.8888888888888888,Rowley 1997
12.0,6.0,0.30000000000000004,1.3,0.277,,0.8888888888888888,Rowley 1997
12.0,6.0,0.4,1.3,0.39,,0.8888888888888888,Rowley 1997
12.0,6.0,0.5,1.3,0.606,,0.8888888888888888,Rowley 1997
12.0,6.0,0.6000000000000001,1.3,0.861,,0.8888888888888888,Rowley 1997
12.0,6.0,0.7,1.3,1.232,,0.8888888888888888,Rowley 1997
12.0,6.0,0.8,1.3,1.9340000000000002,,0.8888888888888888,Rowley 1997
12.0,6.0,0.85,1.3,2.674,,0.8888888888888888,Rowley 1997
12.0,6.0,0.9,1.3,3.313,,0.8888888888888888,Rowley 1997
12.0,6.0,0.95,1.3,4.524,,0.8888888888888888,Rowley 1997
12.0,6.0,0.05,1.5,0.17200000000000001,,0.8888888888888888,Rowley 1997
12.0,6.0,0.1,1.5,0.18,,0.8888888888888888,Rowley 1997
12.0,6.0,0.15,1.5,0.193,,0.8888888888888888,Rowley 1997
12.0,6.0,0.2,1.5,0.227,,0.8888888888888888,Rowley 1997
12.0,6.0,0.30000000000000004,1.5,0.294,,0.8888888888888888,Rowley 1997
12.0,6.0,0.4,1.5,0.41200000000000003,,0.8888888888888888,Rowley 1997
12.0,6.0,0.5,1.5,0.5640000000000001,,0.8888888888888888,Rowley 1997
12.0,6.0,0.6000000000000001,1.5,0.8230000000000001,,0.8888888888888888,Rowley 1997
12.0,6.0,0.7,1.5,1.173,,0.8888888888888888,Rowley 1997
12.0,6.0,0.8,1.5,1.924,,0.8888888888888888,Rowley 1997
12.0,6.0,0.85,1.5,2.332,,0.8888888888888888,Rowley 1997
12.0,6.0,0.9,1.5,3.295,,0.8888888888888888,Rowley 1997
12.0,6.0,0.95,1.5,4.566,,0.8888888888888888,Rowley 1997
12.0,6.0,0.05,2.5,0.242,,0.8888888888888888,Rowley 1997
12.0,6.0,0.1,2.5,0.251,,0.8888888888888888,Rowley 1997
12.0,6.0,0.15,2.5,0.28200000000000003,,0.8888888888888888,Rowley 1997
12.0,6.0,0.2,2.5,0.309,,0.8888888888888888,Rowley 1997
12.0,6.0,0.30000000000000004,2.5,0.4,,0.8888888888888888,Rowley 1997
12.0,6.0,0.4,2.5,0.487,,0.8888888888888888,Rowley 1997
12.0,6.0,0.5,2.5,0.6940000000000001,,0.8888888888888888,Rowley 1997
12.0,6.0,0.6000000000000001,2.5,0.934,,0.8888888888888888,Rowley 1997
12.0,6.0,0.7,2.5,1.213,,0.8888888888888888,Rowley 1997
12.0,6.0,0.8,2.5,1.826,,0.8888888888888888,Rowley 1997
12.0,6.0,0.85,2.5,2.337,,0.8888888888888888,Rowley 1997
12.0,6.0,0.9,2.5,2.89,,0.8888888888888888,Rowley 1997
12.0,6.0,0.95,2.5,3.532,,0.8888888888888888,Rowley 1997
12.0,6.0,1.0,2.5,4.282,,0.8888888888888888,Rowley 1997
12.0,6.0,0.05,3.0,0.274,,0.8888888888888888,Rowley 1997
12.0,6.0,0.1,3.0,0.301,,0.8888888888888888,Rowley 1997
12.0,6.0,0.15,3.0,0.327,,0.8888888888888888,Rowley 1997
12.0,6.0,0.2,3.0,0.376,,0.8888888888888888,Rowley 1997
12.0,6.0,0.30000000000000004,3.0,0.446,,0.8888888888888888,Rowley 1997
12.0,6.0,0.4,3.0,0.537,,0.8888888888888888,Rowley 1997
12.0,6.0,0.5,3.0,0.653,,0.8888888888888888,Rowley 1997
12.0,6.0,0.6000000000000001,3.0,1.052,,0.8888888888888888,Rowley 1997
12.0,6.0,0.7,3.0,1.39,,0.8888888888888888,Rowley 1997
12.0,6.0,0.8,3.0,1.7570000000000001,,0.8888888888888888,Rowley 1997
12.0,6.0,0.85,3.0,2.151,,0.8888888888888888,Rowley 1997
12.0,6.0,0.9,3.0,2.933,,0.8888888888888888,Rowley 1997
12.0,6.0,0.95,3.0,3.116,,0.8888888888888888,Rowley 1997
12.0,6.0,1.0,3.0,4.29,,0.8888888888888888,Rowley 1997
12.0,6.0,0.05,4.0,0.356,,0.8888888888888888,Rowley 1997
12.0,6.0,0.1,4.0,0.352,,0.8888888888888888,Rowley 1997
12.0,6.0,0.15,4.0,0.381,,0.8888888888888888,Rowley 1997
12.0,6.0,0.2,4.0,0.429,,0.8888888888888888,Rowley 1997
12.0,6.0,0.30000000000000004,4.0,0.493,,0.8888888888888888,Rowley 1997
12.0,6.0,0.4,4.0,0.647,,0.8888888888888888,Rowley 1997
12.0,6.0,0.5,4.0,0.72,,0.8888888888888888,Rowley 1997
12.0,6.0,0.6000000000000001,4.0,1.131,,0.8888888888888888,Rowley 1997
12.0,6.0,0.7,4.0,1.564,,0.8888888888888888,Rowley 1997
12.0,6.0,0.8,4.0,1.8940000000000001,,0.8888888888888888,Rowley 1997
12.0,6.0,0.85,4.0,2.165,,0.8888888888888888,Rowley 1997
12.0,6.0,0.9,4.0,2.7560000000000002,,0.8888888888888888,Rowley 1997
12.0,6.0,0.95,4.0,2.94,,0.8888888888888888,Rowley 1997
12.0,6.0,1.0,4.0,3.85,,0.8888888888888888,Rowley 1997
12.0,6.0,0.801,0.94,1.98,,0.8888888888888888,Schoen 1985
12.0,6.0,0.72,1.0,1.31,,0.8888888888888888,Schoen 1985
12.0,6.0,0.731,1.05,1.44,,0.8888888888888888,Schoen 1985
12.0,6.0,0.625,1.2,0.83,,0.8888888888888888,Schoen 1985
12.0,6.0,0.6000000000000001,1.28,0.86,,0.8888888888888888,Schoen 1985
12.0,6.0,0.801,1.9,1.9,,0.8888888888888888,Schoen 1985
12.0,6.0,0.4005,2.47,0.5,,0.8888888888888888,Schoen 1985
12.0,6.0,1.04,2.51,5.37,,0.8888888888888888,Schoen 1985
12.0,6.0,0.743,2.56,1.45,,0.8888888888888888,Schoen 1985
12.0,6.0,1.113,2.84,7.97,,0.8888888888888888,Schoen 1985
12.0,6.0,0.5,3.46,0.71,,0.8888888888888888,Schoen 1985
12.0,6.0,0.9090900000000001,4.42,2.69,,0.8888888888888888,Schoen 1985
12.0,6.0,0.85,0.7,3.4909,,0.8888888888888888,Vasquez 2004
12.0,6.0,0.85,0.75,3.315,,0.8888888888888888,Vasquez 2004
12.0,6.0,0.85,0.8,3.3257,,0.8888888888888888,Vasquez 2004
12.0,6.0,0.8,1.0,2.1310000000000002,,0.8888888888888888,Vasquez 2004
12.0,6.0,0.85,1.0,3.0157,,0.8888888888888888,Vasquez 2004
12.0,6.0,0.9,1.0,3.9771,,0.8888888888888888,Vasquez 2004
12.0,6.0,0.05,1.1,0.1318,,0.8888888888888888,Vasquez 2004
12.0,6.0,0.7,1.1,1.3111,,0.8888888888888888,Vasquez 2004
12.0,6.0,0.8,1.1,2.0538,,0.8888888888888888,Vasquez 2004
12.0,6.0,0.85,1.1,2.9004000000000003,,0.8888888888888888,Vasquez 2004
12.0,6.0,0.9,1.1,3.8793,,0.8888888888888888,Vasquez 2004
12.0,6.0,0.05,1.2,0.1364,,0.8888888888888888,Vasquez 2004
12.0,6.0,0.6000000000000001,1.2,0.9531000000000001,,0.8888888888888888,Vasquez 2004
12.0,6.0,0.7,1.2,1.3251,,0.8888888888888888,Vasquez 2004
12.0,6.0,0.8,1.2,2.1256,,0.8888888888888888,Vasquez 2004
12.0,6.0,0.85,1.2,2.7598000000000003,,0.8888888888888888,Vasquez 2004
12.0,6.0,0.9,1.2,3.693,,0.8888888888888888,Vasquez 2004
12.0,6.0,0.05,1.3,0.14200000000000002,,0.8888888888888888,Vasquez 2004
12.0,6.0,0.1,1.3,0.19460000000000002,,0.8888888888888888,Vasquez 2004
12.0,6.0,0.15,1.3,0.23090000000000002,,0.8888888888888888,Vasquez 2004
12.0,6.0,0.5,1.3,0.7392000000000001,,0.8888888888888888,Vasquez 2004
12.0,6.0,0.6000000000000001,1.3,0.937,,0.8888888888888888,Vasquez 2004
12.0,6.0,0.7,1.3,1.3185,,0.8888888888888888,Vasquez 2004
12.0,6.0,0.8,1.3,2.1221,,0.8888888888888888,Vasquez 2004
12.0,6.0,0.85,1.3,2.7526,,0.8888888888888888,Vasquez 2004
12.0,6.0,0.9,1.3,3.5943,,0.8888888888888888,Vasquez 2004
12.0,6.0,0.95,1.3,4.8259,,0.8888888888888888,Vasquez 2004
12.0,6.0,0.1,1.5,0.2043,,0.8888888888888888,Vasquez 2004
12.0,6.0,0.30000000000000004,1.5,0.3693,,0.8888888888888888,Vasquez 2004
12.0,6.0,0.5,1.5,0.6975,,0.8888888888888888,Vasquez 2004
12.0,6.0,0.6000000000000001,1.5,0.9325,,0.8888888888888888,Vasquez 2004
12.0,6.0,0.7,1.5,1.2505,,0.8888888888888888,Vasquez 2004
12.0,6.0,0.8,1.5,1.9274,,0.8888888888888888,Vasquez 2004
12.0,6.0,0.85,1.5,2.6863,,0.8888888888888888,Vasquez 2004
12.0,6.0,0.9,1.5,3.3071,,0.8888888888888888,Vasquez 2004
12.0,6.0,0.95,1.5,4.5366,,0.8888888888888888,Vasquez 2004
12.0,6.0,0.1,2.1,0.2378,,0.8888888888888888,Vasquez 2004
12.0,6.0,0.30000000000000004,2.1,0.4046,,0.8888888888888888,Vasquez 2004
12.0,6.0,0.5,2.1,0.7578,,0.8888888888888888,Vasquez 2004
12.0,6.0,0.6000000000000001,2.1,0.9272,,0.8888888888888888,Vasquez 2004
12.0,6.0,0.7,2.1,1.2713,,0.8888888888888888,Vasquez 2004
12.0,6.0,0.8,2.1,1.9821,,0.8888888888888888,Vasquez 2004
12.0,6.0,0.85,2.1,2.4819,,0.8888888888888888,Vasquez 2004
12.0,6.0,0.9,2.1,3.1435,,0.8888888888888888,Vasquez 2004
12.0,6.0,0.95,2.1,3.8561,,0.8888888888888888,Vasquez 2004
12.0,6.0,1.0,2.1,5.0321,,0.8888888888888888,Vasquez 2004
12.0,6.0,1.05,2.1,6.5839,,0.8888888888888888,Vasquez 2004
12.0,6.0,0.1,3.0,0.2994,,0.8888888888888888,Vasquez 2004
12.0,6.0,0.30000000000000004,3.0,0.46680000000000005,,0.8888888888888888,Vasquez 2004
12.0,6.0,0.5,3.0,0.739,,0.8888888888888888,Vasquez 2004
12.0,6.0,0.6000000000000001,3.0,0.9736,,0.8888888888888888,Vasquez 2004
12.0,6.0,0.7,3.0,1.3519,,0.8888888888888888,Vasquez 2004
12.0,6.0,0.8,3.0,1.8378,,0.8888888888888888,Vasquez 2004
12.0,6.0,0.85,3.0,2.2837,,0.8888888888888888,Vasquez 2004
12.0,6.0,0.9,3.0,2.7906,,0.8888888888888888,Vasquez 2004
12.0,6.0,0.95,3.0,3.476,,0.8888888888888888,Vasquez 2004
12.0,6.0,1.0,3.0,4.371,,0.8888888888888888,Vasquez 2004
12.0,6.0,1.05,3.0,5.6246,,0.8888888888888888,Vasquez 2004
12.0,6.0,1.1,3.001,7.1515,,0.8888888888888888,Vasquez 2004
12.0,6.0,1.0,3.999,4.0959,,0.8888888888888888,Vasquez 2004
12.0,6.0,0.1,4.0,0.36960000000000004,,0.8888888888888888,Vasquez 2004
12.0,6.0,0.30000000000000004,4.0,0.5126000000000001,,0.8888888888888888,Vasquez 2004
12.0,6.0,0.5,4.0,0.8072,,0.8888888888888888,Vasquez 2004
12.0,6.0,0.6000000000000001,4.0,1.0296,,0.8888888888888888,Vasquez 2004
12.0,6.0,0.7,4.0,1.3389,,0.8888888888888888,Vasquez 2004
12.0,6.0,0.8,4.0,1.8157,,0.8888888888888888,Vasquez 2004
12.0,6.0,0.85,4.0,2.2726,,0.8888888888888888,Vasquez 2004
12.0,6.0,0.9,4.0,2.7607,,0.8888888888888888,Vasquez 2004
12.0,6.0,0.95,4.0,3.3246,,0.8888888888888888,Vasquez 2004
12.0,6.0,1.05,4.0,5.0832,,0.8888888888888888,Vasquez 2004
12.0,6.0,1.1,4.0,6.2673,,0.8888888888888888,Vasquez 2004
12.0,6.0,1.15,4.0,7.8831,,0.8888888888888888,Vasquez 2004
12.0,6.0,1.2,4.0,9.9536,,0.8888888888888888,Vasquez 2004
12.0,6.0,1.2,4.998,8.8461,,0.8888888888888888,Vasquez 2004
12.0,6.0,0.8,4.999,2.1025,,0.8888888888888888,Vasquez 2004
12.0,6.0,1.0,4.999,3.7927,,0.8888888888888888,Vasquez 2004
12.0,6.0,1.05,4.999,4.6162,,0.8888888888888888,Vasquez 2004
12.0,6.0,0.1,5.0,0.441,,0.8888888888888888,Vasquez 2004
12.0,6.0,0.30000000000000004,5.0,0.5861000000000001,,0.8888888888888888,Vasquez 2004
12.0,6.0,0.6000000000000001,5.0,1.1403,,0.8888888888888888,Vasquez 2004
12.0,6.0,0.7,5.0,1.6263,,0.8888888888888888,Vasquez 2004
12.0,6.0,0.95,5.0,3.2178,,0.8888888888888888,Vasquez 2004
12.0,6.0,1.1,5.0,5.6708,,0.8888888888888888,Vasquez 2004
12.0,6.0,1.15,5.0,7.0971,,0.8888888888888888,Vasquez 2004
12.0,6.0,0.5,5.001,0.9582,,0.8888888888888888,Vasquez 2004
12.0,6.0,0.85,5.001,2.2054,,0.8888888888888888,Vasquez 2004
12.0,6.0,0.9,5.001,2.5971,,0.8888888888888888,Vasquez 2004
12.0,6.0,1.25,5.001,10.8679,,0.8888888888888888,Vasquez 2004
12.0,6.0,0.9,5.998,2.6838,,0.8888888888888888,Vasquez 2004
12.0,6.0,1.05,5.999,4.4261,,0.8888888888888888,Vasquez 2004
12.0,6.0,0.1,6.0,0.4354,,0.8888888888888888,Vasquez 2004
12.0,6.0,0.30000000000000004,6.0,0.6166,,0.8888888888888888,Vasquez 2004
12.0,6.0,0.7,6.0,1.8731,,0.8888888888888888,Vasquez 2004
12.0,6.0,0.85,6.0,2.3221,,0.8888888888888888,Vasquez 2004
12.0,6.0,0.95,6.0,3.1033,,0.8888888888888888,Vasquez 2004
12.0,6.0,1.25,6.0,9.9142,,0.8888888888888888,Vasquez 2004
12.0,6.0,0.6000000000000001,6.001,1.2965,,0.8888888888888888,Vasquez 2004
12.0,6.0,0.8,6.001,2.1213,,0.8888888888888888,Vasquez 2004
12.0,6.0,1.0,6.001,3.7958,,0.8888888888888888,Vasquez 2004
12.0,6.0,1.2,6.001,8.1744,,0.8888888888888888,Vasquez 2004
12.0,6.0,0.5,6.002,0.9131,,0.8888888888888888,Vasquez 2004
12.0,6.0,1.1,6.002,5.3455,,0.8888888888888888,Vasquez 2004
12.0,6.0,1.15,6.002,6.6647,,0.8888888888888888,Vasquez 2004
12.0,6.0,1.3,6.003,12.1865,,0.8888888888888888,Vasquez 2004
12.0,6.0,0.585561,1.029851,0.802494,,0.8888888888888888,Slepavicius 2023
12.0,6.0,0.544337,1.090199,0.703757,,0.8888888888888888,Slepavicius 2023
12.0,6.0,0.588059,1.157106,0.77562,,0.8888888888888888,Slepavicius 2023
12.0,6.0,0.692991,1.016732,1.18848,,0.8888888888888888,Slepavicius 2023
12.0,6.0,0.730155,0.995741,1.42227,,0.8888888888888888,Slepavicius 2023
12.0,7.0,0.557387,0.893189,0.800089,,0.7089167433373588,Slepavicius 2023
12.0,7.0,0.67177,0.927373,1.115313,,0.7089167433373588,Slepavicius 2023
12.0,7.0,0.537292,0.957146,0.680814,,0.7089167433373588,Slepavicius 2023
12.0,7.0,0.587064,0.831438,0.983586,,0.7089167433373588,Slepavicius 2023
12.0,7.0,0.566661,0.917449,0.76698,,0.7089167433373588,Slepavicius 2023
12.0,8.0,0.658923,0.812387,1.034024,,0.6000000000000001,Slepavicius 2023
12.0,8.0,0.688804,0.757575,1.184894,,0.6000000000000001,Slepavicius 2023
12.0,8.0,0.558806,0.735063,1.004034,,0.6000000000000001,Slepavicius 2023
12.0,8.0,0.568972,0.895583,0.714308,,0.6000000000000001,Slepavicius 2023
12.0,8.0,0.609943,0.846644,0.825805,,0.6000000000000001,Slepavicius 2023
13.0,6.0,0.713152,0.987485,1.298664,,0.8407055205206448,Slepavicius 2023
13.0,6.0,0.582146,1.030092,0.791403,,0.8407055205206448,Slepavicius 2023
13.0,6.0,0.551044,1.111547,0.667163,,0.8407055205206448,Slepavicius 2023
13.0,6.0,0.673568,0.982472,1.064067,,0.8407055205206448,Slepavicius 2023
13.0,6.0,0.591885,1.125331,0.780094,,0.8407055205206448,Slepavicius 2023
13.0,7.0,0.562838,0.853459,0.840945,,0.6691696344168355,Slepavicius 2023
13.0,7.0,0.725237,0.796491,1.44093,,0.6691696344168355,Slepavicius 2023
13.0,7.0,0.590317,0.847129,0.863903,,0.6691696344168355,Slepavicius 2023
13.0,7.0,0.617795,0.93047,0.859307,,0.6691696344168355,Slepavicius 2023
13.0,7.0,0.732956,0.82181,1.500399,,0.6691696344168355,Slepavicius 2023
13.0,8.0,0.539018,0.832128,0.672607,,0.5653777751320431,Slepavicius 2023
13.0,8.0,0.530644,0.804922,0.726328,,0.5653777751320431,Slepavicius 2023
13.0,8.0,0.550803,0.861211,0.667495,,0.5653777751320431,Slepavicius 2023
13.0,8.0,0.687884,0.706418,1.325524,,0.5653777751320431,Slepavicius 2023
13.0,8.0,0.562589,0.719552,1.011267,,0.5653777751320431,Slepavicius 2023
14.0,6.0,0.546754,1.035564,0.66984,,0.8009339165038553,Slepavicius 2023
14.0,6.0,0.693313,0.927191,1.192839,,0.8009339165038553,Slepavicius 2023
14.0,6.0,0.693313,0.915149,1.201743,,0.8009339165038553,Slepavicius 2023
14.0,6.0,0.673414,1.001848,1.089307,,0.8009339165038553,Slepavicius 2023
14.0,6.0,0.551176,1.007869,0.723614,,0.8009339165038553,Slepavicius 2023
14.0,7.0,0.532324,0.847191,0.756917,,0.6363636363636364,Slepavicius 2023
14.0,7.0,0.619189,0.869538,0.869489,,0.6363636363636364,Slepavicius 2023
14.0,7.0,0.707292,0.7964,1.324401,,0.6363636363636364,Slepavicius 2023
14.0,7.0,0.619499,0.768973,1.13725,,0.6363636363636364,Slepavicius 2023
14.0,7.0,0.66154,0.813669,1.017198,,0.6363636363636364,Slepavicius 2023
14.0,8.0,0.540196,0.725413,0.880768,,0.5368044133844831,Slepavicius 2023
14.0,8.0,0.724133,0.688328,1.466685,,0.5368044133844831,Slepavicius 2023
14.0,8.0,0.592301,0.714559,1.06359,,0.5368044133844831,Slepavicius 2023
14.0,8.0,0.596068,0.812245,0.785601,,0.5368044133844831,Slepavicius 2023
14.0,8.0,0.687094,0.747121,1.190077,,0.5368044133844831,Slepavicius 2023
15.0,6.0,0.572283,0.921383,0.865967,,0.7675065622167472,Slepavicius 2023
15.0,6.0,0.545378,0.887646,0.832191,,0.7675065622167472,Slepavicius 2023
15.0,6.0,0.5707,0.912077,0.846783,,0.7675065622167472,Slepavicius 2023
15.0,6.0,0.687182,0.894626,1.162301,,0.7675065622167472,Slepavicius 2023
15.0,6.0,0.59444,0.988859,0.798943,,0.7675065622167472,Slepavicius 2023
15.0,7.0,0.600713,0.816042,0.884146,,0.6087922123837141,Slepavicius 2023
15.0,7.0,0.532025,0.888797,0.617543,,0.6087922123837141,Slepavicius 2023
15.0,7.0,0.703122,0.803261,1.24939,,0.6087922123837141,Slepavicius 2023
15.0,7.0,0.72404,0.74427,1.44624,,0.6087922123837141,Slepavicius 2023
15.0,7.0,0.613202,0.805227,0.923957,,0.6087922123837141,Slepavicius 2023
15.0,8.0,0.631731,0.779619,0.86862,,0.5127922612594963,Slepavicius 2023
15.0,8.0,0.618425,0.733192,0.999957,,0.5127922612594963,Slepavicius 2023
15.0,8.0,0.627296,0.694649,1.142305,,0.5127922612594963,Slepavicius 2023
15.0,8.0,0.548408,0.65961,1.121025,,0.5127922612594963,Slepavicius 2023
15.0,8.0,0.557596,0.826921,0.643454,,0.5127922612594963,Slepavicius 2023
15.0,9.0,0.558036,0.650432,1.023498,,0.4482619613665991,Slepavicius 2023
15.0,9.0,0.701254,0.611085,1.726044,,0.4482619613665991,Slepavicius 2023
15.0,9.0,0.616742,0.686568,0.98747,,0.4482619613665991,Slepavicius 2023
15.0,9.0,0.622226,0.714673,0.869716,,0.4482619613665991,Slepavicius 2023
15.0,9.0,0.629,0.707446,0.910751,,0.4482619613665991,Slepavicius 2023
15.0,10.0,0.58281,0.565014,1.555365,,0.40178571428571425,Slepavicius 2023
15.0,10.0,0.58018,0.701577,0.7289,,0.40178571428571425,Slepavicius 2023
15.0,10.0,0.776751,0.606283,2.083684,,0.40178571428571425,Slepavicius 2023
15.0,10.0,0.662687,0.652805,1.052579,,0.40178571428571425,Slepavicius 2023
15.0,10.0,0.58018,0.670813,0.809506,,0.40178571428571425,Slepavicius 2023
15.0,11.0,0.69478,0.633954,1.258899,,0.3666410637162833,Slepavicius 2023
15.0,11.0,0.643166,0.641061,0.992179,,0.3666410637162833,Slepavicius 2023
15.0,11.0,0.609986,0.633954,0.927165,,0.3666410637162833,Slepavicius 2023
15.0,11.0,0.621381,0.572122,1.495065,,0.3666410637162833,Slepavicius 2023
15.0,11.0,0.589541,0.666647,0.745169,,0.3666410637162833,Slepavicius 2023
16.0,6.0,0.674914,0.958739,1.128181,,0.7389866877377714,Slepavicius 2023
16.0,6.0,0.596016,0.894447,0.894931,,0.7389866877377714,Slepavicius 2023
16.0,6.0,0.727196,0.896703,1.411881,,0.7389866877377714,Slepavicius 2023
16.0,6.0,0.640376,0.960995,0.921901,,0.7389866877377714,Slepavicius 2023
16.0,6.0,0.68442,0.883168,1.11359,,0.7389866877377714,Slepavicius 2023
16.0,7.0,0.735315,0.722097,1.581636,,0.5852695475929792,Slepavicius 2023
16.0,7.0,0.552037,0.811882,0.756627,,0.5852695475929792,Slepavicius 2023
16.0,7.0,0.541015,0.888294,0.626735,,0.5852695475929792,Slepavicius 2023
16.0,7.0,0.548573,0.769855,0.853426,,0.5852695475929792,Slepavicius 2023
16.0,7.0,0.54322,0.7689,0.870021,,0.5852695475929792,Slepavicius 2023
16.0,8.0,0.594569,0.680841,1.073795,,0.49230769230769234,Slepavicius 2023
16.0,8.0,0.695424,0.643395,1.526594,,0.49230769230769234,Slepavicius 2023
16.0,8.0,0.607696,0.675734,1.111989,,0.49230769230769234,Slepavicius 2023
16.0,8.0,0.637472,0.697011,1.085787,,0.49230769230769234,Slepavicius 2023
16.0,8.0,0.659565,0.739563,1.036134,,0.49230769230769234,Slepavicius 2023
16.0,9.0,0.58897,0.660541,0.981094,,0.429829696300788,Slepavicius 2023
16.0,9.0,0.801717,0.609009,2.470649,,0.429829696300788,Slepavicius 2023
16.0,9.0,0.561561,0.695676,0.771281,,0.429829696300788,Slepavicius 2023
16.0,9.0,0.725036,0.596517,1.83349,,0.429829696300788,Slepavicius 2023
16.0,9.0,0.596801,0.73003,0.764033,,0.429829696300788,Slepavicius 2023
16.0,10.0,0.662427,0.551173,1.927867,,0.38483854272460166,Slepavicius 2023
16.0,10.0,0.655766,0.592784,1.459739,,0.38483854272460166,Slepavicius 2023
16.0,10.0,0.618132,0.601545,1.29488,,0.38483854272460166,Slepavicius 2023
16.0,10.0,0.610471,0.657027,0.862601,,0.38483854272460166,Slepavicius 2023
16.0,10.0,0.590822,0.648267,0.874596,,0.38483854272460166,Slepavicius 2023
16.0,11.0,0.657313,0.578422,1.394656,,0.3508219012516947,Slepavicius 2023
16.0,11.0,0.671595,0.61786,1.117125,,0.3508219012516947,Slepavicius 2023
16.0,11.0,0.605285,0.626162,0.911296,,0.3508219012516947,Slepavicius 2023
16.0,11.0,0.699479,0.554205,1.860045,,0.3508219012516947,Slepavicius 2023
16.0,11.0,0.728723,0.546595,2.143939,,0.3508219012516947,Slepavicius 2023
17.0,6.0,0.5568,1.027014,0.686702,,0.7143440825991937,Slepavicius 2023
17.0,6.0,0.703609,0.894248,1.307152,,0.7143440825991937,Slepavicius 2023
17.0,6.0,0.622753,0.922776,0.876883,,0.7143440825991937,Slepavicius 2023
17.0,6.0,0.637973,0.976541,0.951554,,0.7143440825991937,Slepavicius 2023
17.0,6.0,0.669364,0.938138,1.07381,,0.7143440825991937,Slepavicius 2023
17.0,7.0,0.586352,0.738228,1.011293,,0.5649454449104541,Slepavicius 2023
17.0,7.0,0.559758,0.706577,1.032961,,0.5649454449104541,Slepavicius 2023
17.0,7.0,0.584453,0.836907,0.736864,,0.5649454449104541,Slepavicius 2023
17.0,7.0,0.541078,0.871351,0.620162,,0.5649454449104541,Slepavicius 2023
17.0,7.0,0.643658,0.798739,0.944275,,0.5649454449104541,Slepavicius 2023
17.0,8.0,0.623983,0.633084,1.354165,,0.47460968994895514,Slepavicius 2023
17.0,8.0,0.694463,0.686187,1.222724,,0.47460968994895514,Slepavicius 2023
17.0,8.0,0.761065,0.667933,1.841726,,0.47460968994895514,Slepavicius 2023
17.0,8.0,0.77529,0.653827,1.986508,,0.47460968994895514,Slepavicius 2023
17.0,8.0,0.688321,0.691995,1.208471,,0.47460968994895514,Slepavicius 2023
17.0,9.0,0.570535,0.606203,1.200803,,0.41390612079860156,Slepavicius 2023
17.0,9.0,0.632902,0.582595,1.565364,,0.41390612079860156,Slepavicius 2023
17.0,9.0,0.754994,0.615342,1.778099,,0.41390612079860156,Slepavicius 2023
17.0,9.0,0.589344,0.621435,1.154543,,0.41390612079860156,Slepavicius 2023
17.0,9.0,0.618712,0.613819,1.271042,,0.41390612079860156,Slepavicius 2023
17.0,10.0,0.610342,0.549905,1.654706,,0.370199297690036,Slepavicius 2023
17.0,10.0,0.613379,0.638232,0.9279,,0.370199297690036,Slepavicius 2023
17.0,10.0,0.719995,0.578397,1.760862,,0.370199297690036,Slepavicius 2023
17.0,10.0,0.601907,0.58552,1.263783,,0.370199297690036,Slepavicius 2023
17.0,10.0,0.687605,0.589082,1.489985,,0.370199297690036,Slepavicius 2023
17.0,11.0,0.782353,0.543919,2.142638,,0.3371584110540872,Slepavicius 2023
17.0,11.0,0.744081,0.539865,2.12215,,0.3371584110540872,Slepavicius 2023
17.0,11.0,0.647191,0.595271,1.137414,,0.3371584110540872,Slepavicius 2023
17.0,11.0,0.747184,0.561487,1.72435,,0.3371584110540872,Slepavicius 2023
17.0,11.0,0.609953,0.530406,1.77881,,0.3371584110540872,Slepavicius 2023
18.0,6.0,0.561517,0.949596,0.700536,,0.6928203230275509,Slepavicius 2023
18.0,6.0,0.689047,0.88108,1.191975,,0.6928203230275509,Slepavicius 2023
18.0,6.0,0.719185,0.813634,1.359706,,0.6928203230275509,Slepavicius 2023
18.0,6.0,0.581503,0.95602,0.725912,,0.6928203230275509,Slepavicius 2023
18.0,6.0,0.560565,0.813634,0.953221,,0.6928203230275509,Slepavicius 2023
18.0,7.0,0.620084,0.793827,0.8497,,0.5471940531479003,Slepavicius 2023
18.0,7.0,0.644682,0.701987,1.152188,,0.5471940531479003,Slepavicius 2023
18.0,7.0,0.666406,0.705624,1.235679,,0.5471940531479003,Slepavicius 2023
18.0,7.0,0.691963,0.733812,1.211245,,0.5471940531479003,Slepavicius 2023
18.0,7.0,0.605388,0.68471,1.178168,,0.5471940531479003,Slepavicius 2023
18.0,8.0,0.627554,0.616982,1.407999,,0.4591528202252848,Slepavicius 2023
18.0,8.0,0.672939,0.69076,1.104438,,0.4591528202252848,Slepavicius 2023
18.0,8.0,0.655961,0.651844,1.265027,,0.4591528202252848,Slepavicius 2023
18.0,8.0,0.564211,0.614549,1.258047,,0.4591528202252848,Slepavicius 2023
18.0,8.0,0.698734,0.696435,1.255202,,0.4591528202252848,Slepavicius 2023
18.0,9.0,0.791876,0.560491,2.306537,,0.39999999999999997,Slepavicius 2023
18.0,9.0,0.651995,0.631204,1.165436,,0.39999999999999997,Slepavicius 2023
18.0,9.0,0.722102,0.574634,1.920193,,0.39999999999999997,Slepavicius 2023
18.0,9.0,0.652329,0.591753,1.490114,,0.39999999999999997,Slepavicius 2023
18.0,9.0,0.687717,0.588776,1.62675,,0.39999999999999997,Slepavicius 2023
18.0,10.0,0.62006,0.634522,0.878586,,0.35741587431752303,Slepavicius 2023
18.0,10.0,0.628938,0.524352,2.081526,,0.35741587431752303,Slepavicius 2023
18.0,10.0,0.591038,0.650559,0.758882,,0.35741587431752303,Slepavicius 2023
18.0,10.0,0.834145,0.538298,3.177887,,0.35741587431752303,Slepavicius 2023
18.0,10.0,0.802732,0.526444,2.507392,,0.35741587431752303,Slepavicius 2023
18.0,11.0,0.596459,0.583083,1.033041,,0.3252281426799775,Slepavicius 2023
18.0,11.0,0.778749,0.559918,2.077506,,0.3252281426799775,Slepavicius 2023
18.0,11.0,0.639762,0.53543,1.679106,,0.3252281426799775,Slepavicius 2023
18.0,11.0,0.829735,0.514913,3.20851,,0.3252281426799775,Slepavicius 2023
18.0,11.0,0.705414,0.546681,1.799837,,0.3252281426799775,Slepavicius 2023
18.0,12.0,0.692344,0.492994,2.59937,,0.3,Slepavicius 2023
18.0,12.0,0.661328,0.482208,2.726207,,0.3,Slepavicius 2023
18.0,12.0,0.647067,0.536139,1.596527,,0.3,Slepavicius 2023
18.0,12.0,0.75509,0.548829,1.816395,,0.3,Slepavicius 2023
18.0,12.0,0.837801,0.495532,3.451388,,0.3,Slepavicius 2023
18.0,13.0,0.665335,0.55564,1.161227,,0.2796643079995438,Slepavicius 2023
18.0,13.0,0.694752,0.461298,3.571296,,0.2796643079995438,Slepavicius 2023
18.0,13.0,0.818231,0.490703,3.01613,,0.2796643079995438,Slepavicius 2023
18.0,13.0,0.721627,0.500505,2.421217,,0.2796643079995438,Slepavicius 2023
18.0,13.0,0.770292,0.533586,1.979951,,0.2796643079995438,Slepavicius 2023
18.0,14.0,0.63114,0.49951,1.801952,,0.26290219002528925,Slepavicius 2023
18.0,14.0,0.725996,0.492374,2.507534,,0.26290219002528925,Slepavicius 2023
18.0,14.0,0.650702,0.446586,3.554666,,0.26290219002528925,Slepavicius 2023
18.0,14.0,0.724151,0.460263,3.569482,,0.26290219002528925,Slepavicius 2023
18.0,14.0,0.793539,0.479292,3.195276,,0.26290219002528925,Slepavicius 2023
19.0,6.0,0.638751,0.856812,0.913929,,0.673844367102088,Slepavicius 2023
19.0,6.0,0.559543,0.958414,0.679427,,0.673844367102088,Slepavicius 2023
19.0,6.0,0.740544,0.814914,1.547256,,0.673844367102088,Slepavicius 2023
19.0,6.0,0.630798,0.865191,0.892289,,0.673844367102088,Slepavicius 2023
19.0,6.0,0.562724,0.932228,0.694166,,0.673844367102088,Slepavicius 2023
19.0,7.0,0.591424,0.703982,1.028518,,0.5315441843179891,Slepavicius 2023
19.0,7.0,0.684892,0.726232,1.125165,,0.5315441843179891,Slepavicius 2023
19.0,7.0,0.629456,0.671052,1.284834,,0.5315441843179891,Slepavicius 2023
19.0,7.0,0.594647,0.778741,0.809374,,0.5315441843179891,Slepavicius 2023
19.0,7.0,0.568218,0.710212,0.975459,,0.5315441843179891,Slepavicius 2023
19.0,8.0,0.622696,0.736032,0.862247,,0.4455264732913873,Slepavicius 2023
19.0,8.0,0.615773,0.602641,1.462164,,0.4455264732913873,Slepavicius 2023
19.0,8.0,0.59995,0.610581,1.346922,,0.4455264732913873,Slepavicius 2023
19.0,8.0,0.590061,0.672513,0.955898,,0.4455264732913873,Slepavicius 2023
19.0,8.0,0.773013,0.635195,1.883194,,0.4455264732913873,Slepavicius 2023
19.0,9.0,0.613499,0.62083,1.084626,,0.387741557328608,Slepavicius 2023
19.0,9.0,0.620585,0.645634,0.933856,,0.387741557328608,Slepavicius 2023
19.0,9.0,0.576041,0.634691,0.91058,,0.387741557328608,Slepavicius 2023
19.0,9.0,0.700225,0.617912,1.252108,,0.387741557328608,Slepavicius 2023
19.0,9.0,0.68369,0.566845,1.748944,,0.387741557328608,Slepavicius 2023
19.0,10.0,0.614327,0.536534,1.740384,,0.346147980000992,Slepavicius 2023
19.0,10.0,0.821061,0.523548,2.775491,,0.346147980000992,Slepavicius 2023
19.0,10.0,0.690383,0.604199,1.218802,,0.346147980000992,Slepavicius 2023
19.0,10.0,0.761253,0.539268,2.193345,,0.346147980000992,Slepavicius 2023
19.0,10.0,0.671023,0.554988,1.68071,,0.346147980000992,Slepavicius 2023
19.0,11.0,0.732146,0.49041,3.107162,,0.31471315045945797,Slepavicius 2023
19.0,11.0,0.649775,0.59239,0.984095,,0.31471315045945797,Slepavicius 2023
19.0,11.0,0.638463,0.57745,1.126777,,0.31471315045945797,Slepavicius 2023
19.0,11.0,0.863657,0.510546,4.169143,,0.31471315045945797,Slepavicius 2023
19.0,11.0,0.715177,0.515093,2.366518,,0.31471315045945797,Slepavicius 2023
19.0,12.0,0.702505,0.525377,1.841429,,0.2900782360497496,Slepavicius 2023
19.0,12.0,0.650187,0.506057,2.04823,,0.2900782360497496,Slepavicius 2023
19.0,12.0,0.649465,0.556538,1.209139,,0.2900782360497496,Slepavicius 2023
19.0,12.0,0.732092,0.481128,3.260082,,0.2900782360497496,Slepavicius 2023
19.0,12.0,0.639723,0.552799,1.217147,,0.2900782360497496,Slepavicius 2023
19.0,13.0,0.755381,0.471977,3.42006,,0.27022311148688244,Slepavicius 2023
19.0,13.0,0.684839,0.477396,2.799354,,0.27022311148688244,Slepavicius 2023
19.0,13.0,0.784405,0.509904,2.236833,,0.27022311148688244,Slepavicius 2023
19.0,13.0,0.630096,0.570707,0.906682,,0.27022311148688244,Slepavicius 2023
19.0,13.0,0.802041,0.49666,2.637415,,0.27022311148688244,Slepavicius 2023
19.0,14.0,0.767166,0.512096,1.939587,,0.2538589713343798,Slepavicius 2023
19.0,14.0,0.741792,0.468837,3.183104,,0.2538589713343798,Slepavicius 2023
19.0,14.0,0.729479,0.520865,1.578327,,0.2538589713343798,Slepavicius 2023
19.0,14.0,0.659703,0.515604,1.472557,,0.2538589713343798,Slepavicius 2023
19.0,14.0,0.80821,0.50742,2.532542,,0.2538589713343798,Slepavicius 2023
20.0,6.0,0.585262,0.81534,0.911692,,0.6569778240214335,Slepavicius 2023
20.0,6.0,0.623514,0.913921,0.892793,,0.6569778240214335,Slepavicius 2023
20.0,6.0,0.593869,0.806098,0.958257,,0.6569778240214335,Slepavicius 2023
20.0,6.0,0.702569,0.846147,1.276501,,0.6569778240214335,Slepavicius 2023
20.0,6.0,0.61937,0.825609,0.97729,,0.6569778240214335,Slepavicius 2023
20.0,7.0,0.583626,0.811399,0.719148,,0.517634131898025,Slepavicius 2023
20.0,7.0,0.662635,0.778245,1.018157,,0.517634131898025,Slepavicius 2023
20.0,7.0,0.609637,0.663951,1.24817,,0.517634131898025,Slepavicius 2023
20.0,7.0,0.7553,0.679656,1.72437,,0.517634131898025,Slepavicius 2023
20.0,7.0,0.601184,0.750326,0.879564,,0.517634131898025,Slepavicius 2023
20.0,8.0,0.673013,0.675245,1.091498,,0.43341547042828077,Slepavicius 2023
20.0,8.0,0.674344,0.670572,1.122363,,0.43341547042828077,Slepavicius 2023
20.0,8.0,0.729596,0.593468,1.890716,,0.43341547042828077,Slepavicius 2023
20.0,8.0,0.566502,0.664341,0.913992,,0.43341547042828077,Slepavicius 2023
20.0,8.0,0.804486,0.587237,2.360938,,0.43341547042828077,Slepavicius 2023
20.0,9.0,0.596397,0.615774,1.011155,,0.37684698057156896,Slepavicius 2023
20.0,9.0,0.702847,0.569233,1.764529,,0.37684698057156896,Slepavicius 2023
20.0,9.0,0.648598,0.640834,0.988885,,0.37684698057156896,Slepavicius 2023
20.0,9.0,0.834205,0.556344,3.122535,,0.37684698057156896,Slepavicius 2023
20.0,9.0,0.64041,0.653723,0.913658,,0.37684698057156896,Slepavicius 2023
20.0,10.0,0.647258,0.586866,1.17302,,0.3361344537815126,Slepavicius 2023
20.0,10.0,0.681876,0.543892,1.797064,,0.3361344537815126,Slepavicius 2023
20.0,10.0,0.685722,0.535834,1.927717,,0.3361344537815126,Slepavicius 2023
20.0,10.0,0.740273,0.553964,1.939223,,0.3361344537815126,Slepavicius 2023
20.0,10.0,0.69901,0.612382,1.261333,,0.3361344537815126,Slepavicius 2023
20.0,11.0,0.624677,0.493107,2.275772,,0.305369443695128,Slepavicius 2023
20.0,11.0,0.71693,0.534625,1.872487,,0.305369443695128,Slepavicius 2023
20.0,11.0,0.711209,0.486719,2.915705,,0.305369443695128,Slepavicius 2023
20.0,11.0,0.667943,0.521211,1.944476,,0.305369443695128,Slepavicius 2023
20.0,11.0,0.697979,0.48608,3.003579,,0.305369443695128,Slepavicius 2023
20.0,12.0,0.892714,0.460335,5.681951,,0.28126240713198375,Slepavicius 2023
20.0,12.0,0.621542,0.551667,1.138873,,0.28126240713198375,Slepavicius 2023
20.0,12.0,0.743807,0.54002,1.641198,,0.28126240713198375,Slepavicius 2023
20.0,12.0,0.731033,0.517954,2.056138,,0.28126240713198375,Slepavicius 2023
20.0,12.0,0.775194,0.470143,3.670188,,0.28126240713198375,Slepavicius 2023
20.0,13.0,0.704754,0.549926,1.335024,,0.26183499913763525,Slepavicius 2023
20.0,13.0,0.79127,0.505482,2.320598,,0.26183499913763525,Slepavicius 2023
20.0,13.0,0.82803,0.494223,3.034231,,0.26183499913763525,Slepavicius 2023
20.0,13.0,0.665023,0.542223,1.143378,,0.26183499913763525,Slepavicius 2023
20.0,13.0,0.797582,0.519704,2.337896,,0.26183499913763525,Slepavicius 2023
20.0,14.0,0.661719,0.463914,2.68421,,0.24582514033473893,Slepavicius 2023
20.0,14.0,0.645138,0.491542,1.854072,,0.24582514033473893,Slepavicius 2023
20.0,14.0,0.665487,0.474275,2.408988,,0.24582514033473893,Slepavicius 2023
20.0,14.0,0.855788,0.49442,3.744925,,0.24582514033473893,Slepavicius 2023
20.0,14.0,0.920603,0.461612,7.447131,,0.24582514033473893,Slepavicius 2023
